2026-05-14 17:06:51 [error]: AggregateError: 
    at internalConnectMultiple (node:net:1134:18)
    at afterConnectMultiple (node:net:1715:7)
2026-05-14 17:06:52 [error]: AggregateError: 
    at internalConnectMultiple (node:net:1134:18)
    at afterConnectMultiple (node:net:1715:7)
2026-05-14 17:06:52 [error]: AggregateError: 
    at internalConnectMultiple (node:net:1134:18)
    at afterConnectMultiple (node:net:1715:7)
2026-05-14 17:06:52 [error]: AggregateError: 
    at internalConnectMultiple (node:net:1134:18)
    at afterConnectMultiple (node:net:1715:7)
2026-05-14 17:06:52 [error]: AggregateError: 
    at internalConnectMultiple (node:net:1134:18)
    at afterConnectMultiple (node:net:1715:7)
2026-05-14 17:06:53 [error]: AggregateError: 
    at internalConnectMultiple (node:net:1134:18)
    at afterConnectMultiple (node:net:1715:7)
2026-05-14 17:06:55 [error]: AggregateError: 
    at internalConnectMultiple (node:net:1134:18)
    at afterConnectMultiple (node:net:1715:7)
2026-05-14 17:07:04 [error]: AggregateError: 
    at internalConnectMultiple (node:net:1134:18)
    at afterConnectMultiple (node:net:1715:7)
2026-05-14 17:07:04 [error]: AggregateError: 
    at internalConnectMultiple (node:net:1134:18)
    at afterConnectMultiple (node:net:1715:7)
2026-05-14 17:07:04 [error]: AggregateError: 
    at internalConnectMultiple (node:net:1134:18)
    at afterConnectMultiple (node:net:1715:7)
2026-05-14 17:07:05 [error]: AggregateError: 
    at internalConnectMultiple (node:net:1134:18)
    at afterConnectMultiple (node:net:1715:7)
2026-05-14 17:07:05 [error]: AggregateError: 
    at internalConnectMultiple (node:net:1134:18)
    at afterConnectMultiple (node:net:1715:7)
2026-05-14 17:07:06 [error]: AggregateError: 
    at internalConnectMultiple (node:net:1134:18)
    at afterConnectMultiple (node:net:1715:7)
2026-05-14 17:07:08 [error]: AggregateError: 
    at internalConnectMultiple (node:net:1134:18)
    at afterConnectMultiple (node:net:1715:7)
2026-05-14 17:07:10 [error]: AggregateError: 
    at internalConnectMultiple (node:net:1134:18)
    at afterConnectMultiple (node:net:1715:7)
2026-05-14 17:07:12 [error]: AggregateError: 
    at internalConnectMultiple (node:net:1134:18)
    at afterConnectMultiple (node:net:1715:7)
2026-05-14 17:07:14 [error]: AggregateError: 
    at internalConnectMultiple (node:net:1134:18)
    at afterConnectMultiple (node:net:1715:7)
2026-05-14 17:07:16 [error]: AggregateError: 
    at internalConnectMultiple (node:net:1134:18)
    at afterConnectMultiple (node:net:1715:7)
2026-05-14 17:07:19 [error]: AggregateError: 
    at internalConnectMultiple (node:net:1134:18)
    at afterConnectMultiple (node:net:1715:7)
2026-05-14 17:07:21 [error]: AggregateError: 
    at internalConnectMultiple (node:net:1134:18)
    at afterConnectMultiple (node:net:1715:7)
2026-05-14 17:07:23 [error]: AggregateError: 
    at internalConnectMultiple (node:net:1134:18)
    at afterConnectMultiple (node:net:1715:7)
2026-05-14 17:07:31 [error]: AggregateError: 
    at internalConnectMultiple (node:net:1134:18)
    at afterConnectMultiple (node:net:1715:7)
2026-05-14 17:07:31 [error]: AggregateError: 
    at internalConnectMultiple (node:net:1134:18)
    at afterConnectMultiple (node:net:1715:7)
2026-05-14 17:07:31 [error]: AggregateError: 
    at internalConnectMultiple (node:net:1134:18)
    at afterConnectMultiple (node:net:1715:7)
2026-05-14 17:07:32 [error]: AggregateError: 
    at internalConnectMultiple (node:net:1134:18)
    at afterConnectMultiple (node:net:1715:7)
2026-05-14 17:07:32 [error]: AggregateError: 
    at internalConnectMultiple (node:net:1134:18)
    at afterConnectMultiple (node:net:1715:7)
2026-05-14 17:07:33 [error]: AggregateError: 
    at internalConnectMultiple (node:net:1134:18)
    at afterConnectMultiple (node:net:1715:7)
2026-05-14 17:07:35 [error]: AggregateError: 
    at internalConnectMultiple (node:net:1134:18)
    at afterConnectMultiple (node:net:1715:7)
2026-05-14 17:07:37 [error]: AggregateError: 
    at internalConnectMultiple (node:net:1134:18)
    at afterConnectMultiple (node:net:1715:7)
2026-05-14 17:07:39 [error]: AggregateError: 
    at internalConnectMultiple (node:net:1134:18)
    at afterConnectMultiple (node:net:1715:7)
2026-05-14 17:07:41 [error]: AggregateError: 
    at internalConnectMultiple (node:net:1134:18)
    at afterConnectMultiple (node:net:1715:7)
2026-05-14 17:07:43 [error]: AggregateError: 
    at internalConnectMultiple (node:net:1134:18)
    at afterConnectMultiple (node:net:1715:7)
2026-05-14 17:07:45 [error]: AggregateError: 
    at internalConnectMultiple (node:net:1134:18)
    at afterConnectMultiple (node:net:1715:7)
2026-05-14 17:07:50 [error]: AggregateError: 
    at internalConnectMultiple (node:net:1134:18)
    at afterConnectMultiple (node:net:1715:7)
2026-05-14 17:07:52 [error]: AggregateError: 
    at internalConnectMultiple (node:net:1134:18)
    at afterConnectMultiple (node:net:1715:7)
2026-05-14 17:07:54 [error]: AggregateError: 
    at internalConnectMultiple (node:net:1134:18)
    at afterConnectMultiple (node:net:1715:7)
2026-05-14 17:07:56 [error]: AggregateError: 
    at internalConnectMultiple (node:net:1134:18)
    at afterConnectMultiple (node:net:1715:7)
2026-05-14 17:07:58 [error]: AggregateError: 
    at internalConnectMultiple (node:net:1134:18)
    at afterConnectMultiple (node:net:1715:7)
2026-05-14 17:08:08 [error]: AggregateError: 
    at internalConnectMultiple (node:net:1134:18)
    at afterConnectMultiple (node:net:1715:7)
2026-05-14 17:08:08 [error]: AggregateError: 
    at internalConnectMultiple (node:net:1134:18)
    at afterConnectMultiple (node:net:1715:7)
2026-05-14 17:08:08 [error]: AggregateError: 
    at internalConnectMultiple (node:net:1134:18)
    at afterConnectMultiple (node:net:1715:7)
2026-05-14 17:08:08 [error]: AggregateError: 
    at internalConnectMultiple (node:net:1134:18)
    at afterConnectMultiple (node:net:1715:7)
2026-05-14 17:08:09 [error]: AggregateError: 
    at internalConnectMultiple (node:net:1134:18)
    at afterConnectMultiple (node:net:1715:7)
2026-05-14 17:08:10 [error]: AggregateError: 
    at internalConnectMultiple (node:net:1134:18)
    at afterConnectMultiple (node:net:1715:7)
2026-05-14 17:08:11 [error]: AggregateError: 
    at internalConnectMultiple (node:net:1134:18)
    at afterConnectMultiple (node:net:1715:7)
2026-05-14 17:08:14 [error]: AggregateError: 
    at internalConnectMultiple (node:net:1134:18)
    at afterConnectMultiple (node:net:1715:7)
2026-05-14 17:08:16 [error]: AggregateError: 
    at internalConnectMultiple (node:net:1134:18)
    at afterConnectMultiple (node:net:1715:7)
2026-05-14 17:08:18 [error]: AggregateError: 
    at internalConnectMultiple (node:net:1134:18)
    at afterConnectMultiple (node:net:1715:7)
2026-05-14 17:08:20 [error]: AggregateError: 
    at internalConnectMultiple (node:net:1134:18)
    at afterConnectMultiple (node:net:1715:7)
2026-05-14 17:08:22 [error]: AggregateError: 
    at internalConnectMultiple (node:net:1134:18)
    at afterConnectMultiple (node:net:1715:7)
2026-05-14 17:08:24 [error]: AggregateError: 
    at internalConnectMultiple (node:net:1134:18)
    at afterConnectMultiple (node:net:1715:7)
2026-05-14 17:08:26 [error]: AggregateError: 
    at internalConnectMultiple (node:net:1134:18)
    at afterConnectMultiple (node:net:1715:7)
2026-05-14 17:08:28 [error]: AggregateError: 
    at internalConnectMultiple (node:net:1134:18)
    at afterConnectMultiple (node:net:1715:7)
2026-05-14 17:08:30 [error]: AggregateError: 
    at internalConnectMultiple (node:net:1134:18)
    at afterConnectMultiple (node:net:1715:7)
2026-05-14 17:08:33 [error]: AggregateError: 
    at internalConnectMultiple (node:net:1134:18)
    at afterConnectMultiple (node:net:1715:7)
2026-05-14 17:08:35 [error]: AggregateError: 
    at internalConnectMultiple (node:net:1134:18)
    at afterConnectMultiple (node:net:1715:7)
2026-05-14 17:08:37 [error]: AggregateError: 
    at internalConnectMultiple (node:net:1134:18)
    at afterConnectMultiple (node:net:1715:7)
2026-05-14 17:08:39 [error]: AggregateError: 
    at internalConnectMultiple (node:net:1134:18)
    at afterConnectMultiple (node:net:1715:7)
2026-05-14 17:08:41 [error]: AggregateError: 
    at internalConnectMultiple (node:net:1134:18)
    at afterConnectMultiple (node:net:1715:7)
2026-05-14 17:08:43 [error]: AggregateError: 
    at internalConnectMultiple (node:net:1134:18)
    at afterConnectMultiple (node:net:1715:7)
2026-05-14 17:08:45 [error]: AggregateError: 
    at internalConnectMultiple (node:net:1134:18)
    at afterConnectMultiple (node:net:1715:7)
2026-05-14 17:08:47 [error]: AggregateError: 
    at internalConnectMultiple (node:net:1134:18)
    at afterConnectMultiple (node:net:1715:7)
2026-05-14 17:08:49 [error]: AggregateError: 
    at internalConnectMultiple (node:net:1134:18)
    at afterConnectMultiple (node:net:1715:7)
2026-05-14 17:08:51 [error]: AggregateError: 
    at internalConnectMultiple (node:net:1134:18)
    at afterConnectMultiple (node:net:1715:7)
2026-05-14 17:08:53 [error]: AggregateError: 
    at internalConnectMultiple (node:net:1134:18)
    at afterConnectMultiple (node:net:1715:7)
2026-05-14 17:08:55 [error]: AggregateError: 
    at internalConnectMultiple (node:net:1134:18)
    at afterConnectMultiple (node:net:1715:7)
2026-05-14 17:08:58 [error]: AggregateError: 
    at internalConnectMultiple (node:net:1134:18)
    at afterConnectMultiple (node:net:1715:7)
2026-05-14 17:09:00 [error]: AggregateError: 
    at internalConnectMultiple (node:net:1134:18)
    at afterConnectMultiple (node:net:1715:7)
2026-05-14 17:09:02 [error]: AggregateError: 
    at internalConnectMultiple (node:net:1134:18)
    at afterConnectMultiple (node:net:1715:7)
2026-05-14 17:09:04 [error]: AggregateError: 
    at internalConnectMultiple (node:net:1134:18)
    at afterConnectMultiple (node:net:1715:7)
2026-05-14 17:09:06 [error]: AggregateError: 
    at internalConnectMultiple (node:net:1134:18)
    at afterConnectMultiple (node:net:1715:7)
2026-05-14 17:09:08 [error]: AggregateError: 
    at internalConnectMultiple (node:net:1134:18)
    at afterConnectMultiple (node:net:1715:7)
2026-05-14 17:09:10 [error]: AggregateError: 
    at internalConnectMultiple (node:net:1134:18)
    at afterConnectMultiple (node:net:1715:7)
2026-05-14 17:09:13 [error]: AggregateError: 
    at internalConnectMultiple (node:net:1134:18)
    at afterConnectMultiple (node:net:1715:7)
2026-05-14 17:09:15 [error]: AggregateError: 
    at internalConnectMultiple (node:net:1134:18)
    at afterConnectMultiple (node:net:1715:7)
2026-05-14 17:09:17 [error]: AggregateError: 
    at internalConnectMultiple (node:net:1134:18)
    at afterConnectMultiple (node:net:1715:7)
2026-05-14 17:09:19 [error]: AggregateError: 
    at internalConnectMultiple (node:net:1134:18)
    at afterConnectMultiple (node:net:1715:7)
2026-05-14 17:09:21 [error]: AggregateError: 
    at internalConnectMultiple (node:net:1134:18)
    at afterConnectMultiple (node:net:1715:7)
2026-05-14 17:09:23 [error]: AggregateError: 
    at internalConnectMultiple (node:net:1134:18)
    at afterConnectMultiple (node:net:1715:7)
2026-05-14 17:09:25 [error]: AggregateError: 
    at internalConnectMultiple (node:net:1134:18)
    at afterConnectMultiple (node:net:1715:7)
2026-05-14 17:09:27 [error]: AggregateError: 
    at internalConnectMultiple (node:net:1134:18)
    at afterConnectMultiple (node:net:1715:7)
2026-05-14 17:09:29 [error]: AggregateError: 
    at internalConnectMultiple (node:net:1134:18)
    at afterConnectMultiple (node:net:1715:7)
2026-05-14 17:09:31 [error]: AggregateError: 
    at internalConnectMultiple (node:net:1134:18)
    at afterConnectMultiple (node:net:1715:7)
2026-05-14 17:09:34 [error]: AggregateError: 
    at internalConnectMultiple (node:net:1134:18)
    at afterConnectMultiple (node:net:1715:7)
2026-05-14 17:09:36 [error]: AggregateError: 
    at internalConnectMultiple (node:net:1134:18)
    at afterConnectMultiple (node:net:1715:7)
2026-05-14 17:09:38 [error]: AggregateError: 
    at internalConnectMultiple (node:net:1134:18)
    at afterConnectMultiple (node:net:1715:7)
2026-05-14 17:09:40 [error]: AggregateError: 
    at internalConnectMultiple (node:net:1134:18)
    at afterConnectMultiple (node:net:1715:7)
2026-05-14 17:09:42 [error]: AggregateError: 
    at internalConnectMultiple (node:net:1134:18)
    at afterConnectMultiple (node:net:1715:7)
2026-05-14 17:09:44 [error]: AggregateError: 
    at internalConnectMultiple (node:net:1134:18)
    at afterConnectMultiple (node:net:1715:7)
2026-05-14 17:09:46 [error]: AggregateError: 
    at internalConnectMultiple (node:net:1134:18)
    at afterConnectMultiple (node:net:1715:7)
2026-05-14 17:09:49 [error]: AggregateError: 
    at internalConnectMultiple (node:net:1134:18)
    at afterConnectMultiple (node:net:1715:7)
2026-05-14 17:09:51 [error]: AggregateError: 
    at internalConnectMultiple (node:net:1134:18)
    at afterConnectMultiple (node:net:1715:7)
2026-05-14 17:09:53 [error]: AggregateError: 
    at internalConnectMultiple (node:net:1134:18)
    at afterConnectMultiple (node:net:1715:7)
2026-05-14 17:09:55 [error]: AggregateError: 
    at internalConnectMultiple (node:net:1134:18)
    at afterConnectMultiple (node:net:1715:7)
2026-05-14 17:09:57 [error]: AggregateError: 
    at internalConnectMultiple (node:net:1134:18)
    at afterConnectMultiple (node:net:1715:7)
2026-05-14 17:09:59 [error]: AggregateError: 
    at internalConnectMultiple (node:net:1134:18)
    at afterConnectMultiple (node:net:1715:7)
2026-05-14 17:10:01 [error]: AggregateError: 
    at internalConnectMultiple (node:net:1134:18)
    at afterConnectMultiple (node:net:1715:7)
2026-05-14 17:10:03 [error]: AggregateError: 
    at internalConnectMultiple (node:net:1134:18)
    at afterConnectMultiple (node:net:1715:7)
2026-05-14 17:10:06 [error]: AggregateError: 
    at internalConnectMultiple (node:net:1134:18)
    at afterConnectMultiple (node:net:1715:7)
2026-05-14 17:10:08 [error]: AggregateError: 
    at internalConnectMultiple (node:net:1134:18)
    at afterConnectMultiple (node:net:1715:7)
2026-05-14 17:10:10 [error]: AggregateError: 
    at internalConnectMultiple (node:net:1134:18)
    at afterConnectMultiple (node:net:1715:7)
2026-05-14 17:10:12 [error]: AggregateError: 
    at internalConnectMultiple (node:net:1134:18)
    at afterConnectMultiple (node:net:1715:7)
2026-05-14 17:10:14 [error]: AggregateError: 
    at internalConnectMultiple (node:net:1134:18)
    at afterConnectMultiple (node:net:1715:7)
2026-05-14 17:10:16 [error]: AggregateError: 
    at internalConnectMultiple (node:net:1134:18)
    at afterConnectMultiple (node:net:1715:7)
2026-05-14 17:10:18 [error]: AggregateError: 
    at internalConnectMultiple (node:net:1134:18)
    at afterConnectMultiple (node:net:1715:7)
2026-05-14 17:10:20 [error]: AggregateError: 
    at internalConnectMultiple (node:net:1134:18)
    at afterConnectMultiple (node:net:1715:7)
2026-05-14 17:10:22 [error]: AggregateError: 
    at internalConnectMultiple (node:net:1134:18)
    at afterConnectMultiple (node:net:1715:7)
2026-05-14 17:10:25 [error]: AggregateError: 
    at internalConnectMultiple (node:net:1134:18)
    at afterConnectMultiple (node:net:1715:7)
2026-05-14 17:10:27 [error]: AggregateError: 
    at internalConnectMultiple (node:net:1134:18)
    at afterConnectMultiple (node:net:1715:7)
2026-05-14 17:10:29 [error]: AggregateError: 
    at internalConnectMultiple (node:net:1134:18)
    at afterConnectMultiple (node:net:1715:7)
2026-05-14 17:10:31 [error]: AggregateError: 
    at internalConnectMultiple (node:net:1134:18)
    at afterConnectMultiple (node:net:1715:7)
2026-05-14 17:10:33 [error]: AggregateError: 
    at internalConnectMultiple (node:net:1134:18)
    at afterConnectMultiple (node:net:1715:7)
2026-05-14 17:10:35 [error]: AggregateError: 
    at internalConnectMultiple (node:net:1134:18)
    at afterConnectMultiple (node:net:1715:7)
2026-05-14 17:10:37 [error]: AggregateError: 
    at internalConnectMultiple (node:net:1134:18)
    at afterConnectMultiple (node:net:1715:7)
2026-05-14 17:10:39 [error]: AggregateError: 
    at internalConnectMultiple (node:net:1134:18)
    at afterConnectMultiple (node:net:1715:7)
2026-05-14 17:10:41 [error]: AggregateError: 
    at internalConnectMultiple (node:net:1134:18)
    at afterConnectMultiple (node:net:1715:7)
2026-05-14 17:10:43 [error]: AggregateError: 
    at internalConnectMultiple (node:net:1134:18)
    at afterConnectMultiple (node:net:1715:7)
2026-05-14 17:10:46 [error]: AggregateError: 
    at internalConnectMultiple (node:net:1134:18)
    at afterConnectMultiple (node:net:1715:7)
2026-05-14 17:10:48 [error]: AggregateError: 
    at internalConnectMultiple (node:net:1134:18)
    at afterConnectMultiple (node:net:1715:7)
2026-05-14 17:10:50 [error]: AggregateError: 
    at internalConnectMultiple (node:net:1134:18)
    at afterConnectMultiple (node:net:1715:7)
2026-05-14 17:10:52 [error]: AggregateError: 
    at internalConnectMultiple (node:net:1134:18)
    at afterConnectMultiple (node:net:1715:7)
2026-05-14 17:10:54 [error]: AggregateError: 
    at internalConnectMultiple (node:net:1134:18)
    at afterConnectMultiple (node:net:1715:7)
2026-05-14 17:10:56 [error]: AggregateError: 
    at internalConnectMultiple (node:net:1134:18)
    at afterConnectMultiple (node:net:1715:7)
2026-05-14 17:10:58 [error]: AggregateError: 
    at internalConnectMultiple (node:net:1134:18)
    at afterConnectMultiple (node:net:1715:7)
2026-05-14 17:11:00 [error]: AggregateError: 
    at internalConnectMultiple (node:net:1134:18)
    at afterConnectMultiple (node:net:1715:7)
2026-05-14 17:11:02 [error]: AggregateError: 
    at internalConnectMultiple (node:net:1134:18)
    at afterConnectMultiple (node:net:1715:7)
2026-05-14 17:11:04 [error]: AggregateError: 
    at internalConnectMultiple (node:net:1134:18)
    at afterConnectMultiple (node:net:1715:7)
2026-05-14 17:11:06 [error]: AggregateError: 
    at internalConnectMultiple (node:net:1134:18)
    at afterConnectMultiple (node:net:1715:7)
2026-05-14 17:11:09 [error]: AggregateError: 
    at internalConnectMultiple (node:net:1134:18)
    at afterConnectMultiple (node:net:1715:7)
2026-05-14 17:11:11 [error]: AggregateError: 
    at internalConnectMultiple (node:net:1134:18)
    at afterConnectMultiple (node:net:1715:7)
2026-05-14 17:11:13 [error]: AggregateError: 
    at internalConnectMultiple (node:net:1134:18)
    at afterConnectMultiple (node:net:1715:7)
2026-05-14 17:11:15 [error]: AggregateError: 
    at internalConnectMultiple (node:net:1134:18)
    at afterConnectMultiple (node:net:1715:7)
2026-05-14 17:11:17 [error]: AggregateError: 
    at internalConnectMultiple (node:net:1134:18)
    at afterConnectMultiple (node:net:1715:7)
2026-05-14 17:11:19 [error]: AggregateError: 
    at internalConnectMultiple (node:net:1134:18)
    at afterConnectMultiple (node:net:1715:7)
2026-05-14 17:11:21 [error]: AggregateError: 
    at internalConnectMultiple (node:net:1134:18)
    at afterConnectMultiple (node:net:1715:7)
2026-05-14 17:11:24 [error]: AggregateError: 
    at internalConnectMultiple (node:net:1134:18)
    at afterConnectMultiple (node:net:1715:7)
2026-05-14 17:11:26 [error]: AggregateError: 
    at internalConnectMultiple (node:net:1134:18)
    at afterConnectMultiple (node:net:1715:7)
2026-05-14 17:11:28 [error]: AggregateError: 
    at internalConnectMultiple (node:net:1134:18)
    at afterConnectMultiple (node:net:1715:7)
2026-05-14 17:11:30 [error]: AggregateError: 
    at internalConnectMultiple (node:net:1134:18)
    at afterConnectMultiple (node:net:1715:7)
2026-05-14 17:11:32 [error]: AggregateError: 
    at internalConnectMultiple (node:net:1134:18)
    at afterConnectMultiple (node:net:1715:7)
2026-05-14 17:11:34 [error]: AggregateError: 
    at internalConnectMultiple (node:net:1134:18)
    at afterConnectMultiple (node:net:1715:7)
2026-05-14 17:11:36 [error]: AggregateError: 
    at internalConnectMultiple (node:net:1134:18)
    at afterConnectMultiple (node:net:1715:7)
2026-05-14 17:11:38 [error]: AggregateError: 
    at internalConnectMultiple (node:net:1134:18)
    at afterConnectMultiple (node:net:1715:7)
2026-05-14 17:11:41 [error]: AggregateError: 
    at internalConnectMultiple (node:net:1134:18)
    at afterConnectMultiple (node:net:1715:7)
2026-05-14 17:11:43 [error]: AggregateError: 
    at internalConnectMultiple (node:net:1134:18)
    at afterConnectMultiple (node:net:1715:7)
2026-05-14 17:11:45 [error]: AggregateError: 
    at internalConnectMultiple (node:net:1134:18)
    at afterConnectMultiple (node:net:1715:7)
2026-05-14 17:11:47 [error]: AggregateError: 
    at internalConnectMultiple (node:net:1134:18)
    at afterConnectMultiple (node:net:1715:7)
2026-05-14 17:11:49 [error]: AggregateError: 
    at internalConnectMultiple (node:net:1134:18)
    at afterConnectMultiple (node:net:1715:7)
2026-05-14 17:11:51 [error]: AggregateError: 
    at internalConnectMultiple (node:net:1134:18)
    at afterConnectMultiple (node:net:1715:7)
2026-05-14 17:11:53 [error]: AggregateError: 
    at internalConnectMultiple (node:net:1134:18)
    at afterConnectMultiple (node:net:1715:7)
2026-05-14 17:11:55 [error]: AggregateError: 
    at internalConnectMultiple (node:net:1134:18)
    at afterConnectMultiple (node:net:1715:7)
2026-05-14 17:11:57 [error]: AggregateError: 
    at internalConnectMultiple (node:net:1134:18)
    at afterConnectMultiple (node:net:1715:7)
2026-05-14 17:11:59 [error]: AggregateError: 
    at internalConnectMultiple (node:net:1134:18)
    at afterConnectMultiple (node:net:1715:7)
2026-05-14 17:12:01 [error]: AggregateError: 
    at internalConnectMultiple (node:net:1134:18)
    at afterConnectMultiple (node:net:1715:7)
2026-05-14 17:12:03 [error]: AggregateError: 
    at internalConnectMultiple (node:net:1134:18)
    at afterConnectMultiple (node:net:1715:7)
2026-05-14 17:12:05 [error]: AggregateError: 
    at internalConnectMultiple (node:net:1134:18)
    at afterConnectMultiple (node:net:1715:7)
2026-05-14 17:12:07 [error]: AggregateError: 
    at internalConnectMultiple (node:net:1134:18)
    at afterConnectMultiple (node:net:1715:7)
2026-05-14 17:12:10 [error]: AggregateError: 
    at internalConnectMultiple (node:net:1134:18)
    at afterConnectMultiple (node:net:1715:7)
2026-05-14 17:12:12 [error]: AggregateError: 
    at internalConnectMultiple (node:net:1134:18)
    at afterConnectMultiple (node:net:1715:7)
2026-05-14 17:12:14 [error]: AggregateError: 
    at internalConnectMultiple (node:net:1134:18)
    at afterConnectMultiple (node:net:1715:7)
2026-05-14 17:12:16 [error]: AggregateError: 
    at internalConnectMultiple (node:net:1134:18)
    at afterConnectMultiple (node:net:1715:7)
2026-05-14 17:12:18 [error]: AggregateError: 
    at internalConnectMultiple (node:net:1134:18)
    at afterConnectMultiple (node:net:1715:7)
2026-05-14 17:12:20 [error]: AggregateError: 
    at internalConnectMultiple (node:net:1134:18)
    at afterConnectMultiple (node:net:1715:7)
2026-05-14 17:12:22 [error]: AggregateError: 
    at internalConnectMultiple (node:net:1134:18)
    at afterConnectMultiple (node:net:1715:7)
2026-05-14 17:12:24 [error]: AggregateError: 
    at internalConnectMultiple (node:net:1134:18)
    at afterConnectMultiple (node:net:1715:7)
2026-05-14 17:12:26 [error]: AggregateError: 
    at internalConnectMultiple (node:net:1134:18)
    at afterConnectMultiple (node:net:1715:7)
2026-05-14 17:12:28 [error]: AggregateError: 
    at internalConnectMultiple (node:net:1134:18)
    at afterConnectMultiple (node:net:1715:7)
2026-05-14 17:12:31 [error]: AggregateError: 
    at internalConnectMultiple (node:net:1134:18)
    at afterConnectMultiple (node:net:1715:7)
2026-05-14 17:12:33 [error]: AggregateError: 
    at internalConnectMultiple (node:net:1134:18)
    at afterConnectMultiple (node:net:1715:7)
2026-05-14 17:12:35 [error]: AggregateError: 
    at internalConnectMultiple (node:net:1134:18)
    at afterConnectMultiple (node:net:1715:7)
2026-05-14 17:12:37 [error]: AggregateError: 
    at internalConnectMultiple (node:net:1134:18)
    at afterConnectMultiple (node:net:1715:7)
2026-05-14 17:12:39 [error]: AggregateError: 
    at internalConnectMultiple (node:net:1134:18)
    at afterConnectMultiple (node:net:1715:7)
2026-05-14 17:12:41 [error]: AggregateError: 
    at internalConnectMultiple (node:net:1134:18)
    at afterConnectMultiple (node:net:1715:7)
2026-05-14 17:12:44 [error]: AggregateError: 
    at internalConnectMultiple (node:net:1134:18)
    at afterConnectMultiple (node:net:1715:7)
2026-05-14 17:12:46 [error]: AggregateError: 
    at internalConnectMultiple (node:net:1134:18)
    at afterConnectMultiple (node:net:1715:7)
2026-05-14 17:12:48 [error]: AggregateError: 
    at internalConnectMultiple (node:net:1134:18)
    at afterConnectMultiple (node:net:1715:7)
2026-05-14 17:12:50 [error]: AggregateError: 
    at internalConnectMultiple (node:net:1134:18)
    at afterConnectMultiple (node:net:1715:7)
2026-05-14 17:12:52 [error]: AggregateError: 
    at internalConnectMultiple (node:net:1134:18)
    at afterConnectMultiple (node:net:1715:7)
2026-05-14 17:12:54 [error]: AggregateError: 
    at internalConnectMultiple (node:net:1134:18)
    at afterConnectMultiple (node:net:1715:7)
2026-05-14 17:12:56 [error]: AggregateError: 
    at internalConnectMultiple (node:net:1134:18)
    at afterConnectMultiple (node:net:1715:7)
2026-05-14 17:12:58 [error]: AggregateError: 
    at internalConnectMultiple (node:net:1134:18)
    at afterConnectMultiple (node:net:1715:7)
2026-05-14 17:13:01 [error]: AggregateError: 
    at internalConnectMultiple (node:net:1134:18)
    at afterConnectMultiple (node:net:1715:7)
2026-05-14 17:13:03 [error]: AggregateError: 
    at internalConnectMultiple (node:net:1134:18)
    at afterConnectMultiple (node:net:1715:7)
2026-05-14 17:13:05 [error]: AggregateError: 
    at internalConnectMultiple (node:net:1134:18)
    at afterConnectMultiple (node:net:1715:7)
2026-05-14 17:13:07 [error]: AggregateError: 
    at internalConnectMultiple (node:net:1134:18)
    at afterConnectMultiple (node:net:1715:7)
2026-05-14 17:13:09 [error]: AggregateError: 
    at internalConnectMultiple (node:net:1134:18)
    at afterConnectMultiple (node:net:1715:7)
2026-05-14 17:13:11 [error]: AggregateError: 
    at internalConnectMultiple (node:net:1134:18)
    at afterConnectMultiple (node:net:1715:7)
2026-05-14 17:13:13 [error]: AggregateError: 
    at internalConnectMultiple (node:net:1134:18)
    at afterConnectMultiple (node:net:1715:7)
2026-05-14 17:13:15 [error]: AggregateError: 
    at internalConnectMultiple (node:net:1134:18)
    at afterConnectMultiple (node:net:1715:7)
2026-05-14 17:13:18 [error]: AggregateError: 
    at internalConnectMultiple (node:net:1134:18)
    at afterConnectMultiple (node:net:1715:7)
2026-05-14 17:13:20 [error]: AggregateError: 
    at internalConnectMultiple (node:net:1134:18)
    at afterConnectMultiple (node:net:1715:7)
2026-05-14 17:13:22 [error]: AggregateError: 
    at internalConnectMultiple (node:net:1134:18)
    at afterConnectMultiple (node:net:1715:7)
2026-05-14 17:13:24 [error]: AggregateError: 
    at internalConnectMultiple (node:net:1134:18)
    at afterConnectMultiple (node:net:1715:7)
2026-05-14 17:13:26 [error]: AggregateError: 
    at internalConnectMultiple (node:net:1134:18)
    at afterConnectMultiple (node:net:1715:7)
2026-05-14 17:13:28 [error]: AggregateError: 
    at internalConnectMultiple (node:net:1134:18)
    at afterConnectMultiple (node:net:1715:7)
2026-05-14 17:13:30 [error]: AggregateError: 
    at internalConnectMultiple (node:net:1134:18)
    at afterConnectMultiple (node:net:1715:7)
2026-05-14 17:13:32 [error]: AggregateError: 
    at internalConnectMultiple (node:net:1134:18)
    at afterConnectMultiple (node:net:1715:7)
2026-05-14 17:13:34 [error]: AggregateError: 
    at internalConnectMultiple (node:net:1134:18)
    at afterConnectMultiple (node:net:1715:7)
2026-05-14 17:13:36 [error]: AggregateError: 
    at internalConnectMultiple (node:net:1134:18)
    at afterConnectMultiple (node:net:1715:7)
2026-05-14 17:13:38 [error]: AggregateError: 
    at internalConnectMultiple (node:net:1134:18)
    at afterConnectMultiple (node:net:1715:7)
2026-05-14 17:13:40 [error]: AggregateError: 
    at internalConnectMultiple (node:net:1134:18)
    at afterConnectMultiple (node:net:1715:7)
2026-05-14 17:13:43 [error]: AggregateError: 
    at internalConnectMultiple (node:net:1134:18)
    at afterConnectMultiple (node:net:1715:7)
2026-05-14 17:13:45 [error]: AggregateError: 
    at internalConnectMultiple (node:net:1134:18)
    at afterConnectMultiple (node:net:1715:7)
2026-05-14 17:13:47 [error]: AggregateError: 
    at internalConnectMultiple (node:net:1134:18)
    at afterConnectMultiple (node:net:1715:7)
2026-05-14 17:13:49 [error]: AggregateError: 
    at internalConnectMultiple (node:net:1134:18)
    at afterConnectMultiple (node:net:1715:7)
2026-05-14 17:13:51 [error]: AggregateError: 
    at internalConnectMultiple (node:net:1134:18)
    at afterConnectMultiple (node:net:1715:7)
2026-05-14 17:13:53 [error]: AggregateError: 
    at internalConnectMultiple (node:net:1134:18)
    at afterConnectMultiple (node:net:1715:7)
2026-05-14 17:13:55 [error]: AggregateError: 
    at internalConnectMultiple (node:net:1134:18)
    at afterConnectMultiple (node:net:1715:7)
2026-05-14 17:13:57 [error]: AggregateError: 
    at internalConnectMultiple (node:net:1134:18)
    at afterConnectMultiple (node:net:1715:7)
2026-05-14 17:13:59 [error]: AggregateError: 
    at internalConnectMultiple (node:net:1134:18)
    at afterConnectMultiple (node:net:1715:7)
2026-05-14 17:14:01 [error]: AggregateError: 
    at internalConnectMultiple (node:net:1134:18)
    at afterConnectMultiple (node:net:1715:7)
2026-05-14 17:14:04 [error]: AggregateError: 
    at internalConnectMultiple (node:net:1134:18)
    at afterConnectMultiple (node:net:1715:7)
2026-05-14 17:14:06 [error]: AggregateError: 
    at internalConnectMultiple (node:net:1134:18)
    at afterConnectMultiple (node:net:1715:7)
2026-05-14 17:14:08 [error]: AggregateError: 
    at internalConnectMultiple (node:net:1134:18)
    at afterConnectMultiple (node:net:1715:7)
2026-05-14 17:14:10 [error]: AggregateError: 
    at internalConnectMultiple (node:net:1134:18)
    at afterConnectMultiple (node:net:1715:7)
2026-05-14 17:14:12 [error]: AggregateError: 
    at internalConnectMultiple (node:net:1134:18)
    at afterConnectMultiple (node:net:1715:7)
2026-05-14 17:14:14 [error]: AggregateError: 
    at internalConnectMultiple (node:net:1134:18)
    at afterConnectMultiple (node:net:1715:7)
2026-05-14 17:14:16 [error]: AggregateError: 
    at internalConnectMultiple (node:net:1134:18)
    at afterConnectMultiple (node:net:1715:7)
2026-05-14 17:14:18 [error]: AggregateError: 
    at internalConnectMultiple (node:net:1134:18)
    at afterConnectMultiple (node:net:1715:7)
2026-05-14 17:14:20 [error]: AggregateError: 
    at internalConnectMultiple (node:net:1134:18)
    at afterConnectMultiple (node:net:1715:7)
2026-05-14 17:14:22 [info]: 	⚡ Redis Client Connected
2026-05-14 17:14:22 [info]: 	🚀 Server running in development mode on port 5000
2026-05-14 17:14:22 [error]: AggregateError: 
    at internalConnectMultiple (node:net:1134:18)
    at afterConnectMultiple (node:net:1715:7)
2026-05-14 17:14:25 [error]: AggregateError: 
    at internalConnectMultiple (node:net:1134:18)
    at afterConnectMultiple (node:net:1715:7)
2026-05-14 17:14:27 [error]: AggregateError: 
    at internalConnectMultiple (node:net:1134:18)
    at afterConnectMultiple (node:net:1715:7)
2026-05-14 17:14:29 [error]: AggregateError: 
    at internalConnectMultiple (node:net:1134:18)
    at afterConnectMultiple (node:net:1715:7)
2026-05-14 17:14:31 [error]: AggregateError: 
    at internalConnectMultiple (node:net:1134:18)
    at afterConnectMultiple (node:net:1715:7)
2026-05-14 17:14:33 [error]: AggregateError: 
    at internalConnectMultiple (node:net:1134:18)
    at afterConnectMultiple (node:net:1715:7)
2026-05-14 17:14:35 [error]: AggregateError: 
    at internalConnectMultiple (node:net:1134:18)
    at afterConnectMultiple (node:net:1715:7)
2026-05-14 17:14:37 [error]: AggregateError: 
    at internalConnectMultiple (node:net:1134:18)
    at afterConnectMultiple (node:net:1715:7)
2026-05-14 17:14:39 [error]: AggregateError: 
    at internalConnectMultiple (node:net:1134:18)
    at afterConnectMultiple (node:net:1715:7)
2026-05-14 17:14:41 [error]: AggregateError: 
    at internalConnectMultiple (node:net:1134:18)
    at afterConnectMultiple (node:net:1715:7)
2026-05-14 17:14:44 [error]: AggregateError: 
    at internalConnectMultiple (node:net:1134:18)
    at afterConnectMultiple (node:net:1715:7)
2026-05-14 17:14:46 [error]: AggregateError: 
    at internalConnectMultiple (node:net:1134:18)
    at afterConnectMultiple (node:net:1715:7)
2026-05-14 17:14:48 [error]: AggregateError: 
    at internalConnectMultiple (node:net:1134:18)
    at afterConnectMultiple (node:net:1715:7)
2026-05-14 17:14:50 [error]: AggregateError: 
    at internalConnectMultiple (node:net:1134:18)
    at afterConnectMultiple (node:net:1715:7)
2026-05-14 17:14:52 [error]: AggregateError: 
    at internalConnectMultiple (node:net:1134:18)
    at afterConnectMultiple (node:net:1715:7)
2026-05-14 17:14:54 [error]: AggregateError: 
    at internalConnectMultiple (node:net:1134:18)
    at afterConnectMultiple (node:net:1715:7)
2026-05-14 17:14:56 [error]: AggregateError: 
    at internalConnectMultiple (node:net:1134:18)
    at afterConnectMultiple (node:net:1715:7)
2026-05-14 17:14:58 [error]: AggregateError: 
    at internalConnectMultiple (node:net:1134:18)
    at afterConnectMultiple (node:net:1715:7)
2026-05-14 17:15:01 [error]: AggregateError: 
    at internalConnectMultiple (node:net:1134:18)
    at afterConnectMultiple (node:net:1715:7)
2026-05-14 17:15:03 [error]: AggregateError: 
    at internalConnectMultiple (node:net:1134:18)
    at afterConnectMultiple (node:net:1715:7)
2026-05-14 17:15:05 [error]: AggregateError: 
    at internalConnectMultiple (node:net:1134:18)
    at afterConnectMultiple (node:net:1715:7)
2026-05-14 17:15:07 [error]: AggregateError: 
    at internalConnectMultiple (node:net:1134:18)
    at afterConnectMultiple (node:net:1715:7)
2026-05-14 17:15:09 [error]: AggregateError: 
    at internalConnectMultiple (node:net:1134:18)
    at afterConnectMultiple (node:net:1715:7)
2026-05-14 17:15:11 [error]: AggregateError: 
    at internalConnectMultiple (node:net:1134:18)
    at afterConnectMultiple (node:net:1715:7)
2026-05-14 17:15:13 [error]: AggregateError: 
    at internalConnectMultiple (node:net:1134:18)
    at afterConnectMultiple (node:net:1715:7)
2026-05-14 17:15:15 [error]: AggregateError: 
    at internalConnectMultiple (node:net:1134:18)
    at afterConnectMultiple (node:net:1715:7)
2026-05-14 17:15:18 [error]: AggregateError: 
    at internalConnectMultiple (node:net:1134:18)
    at afterConnectMultiple (node:net:1715:7)
2026-05-14 17:15:20 [error]: AggregateError: 
    at internalConnectMultiple (node:net:1134:18)
    at afterConnectMultiple (node:net:1715:7)
2026-05-14 17:15:22 [error]: AggregateError: 
    at internalConnectMultiple (node:net:1134:18)
    at afterConnectMultiple (node:net:1715:7)
2026-05-14 17:15:24 [error]: AggregateError: 
    at internalConnectMultiple (node:net:1134:18)
    at afterConnectMultiple (node:net:1715:7)
2026-05-14 17:15:26 [error]: AggregateError: 
    at internalConnectMultiple (node:net:1134:18)
    at afterConnectMultiple (node:net:1715:7)
2026-05-14 17:15:28 [error]: AggregateError: 
    at internalConnectMultiple (node:net:1134:18)
    at afterConnectMultiple (node:net:1715:7)
2026-05-14 17:15:30 [error]: AggregateError: 
    at internalConnectMultiple (node:net:1134:18)
    at afterConnectMultiple (node:net:1715:7)
2026-05-14 17:15:32 [error]: AggregateError: 
    at internalConnectMultiple (node:net:1134:18)
    at afterConnectMultiple (node:net:1715:7)
2026-05-14 17:15:34 [error]: AggregateError: 
    at internalConnectMultiple (node:net:1134:18)
    at afterConnectMultiple (node:net:1715:7)
2026-05-14 17:15:37 [error]: AggregateError: 
    at internalConnectMultiple (node:net:1134:18)
    at afterConnectMultiple (node:net:1715:7)
2026-05-14 17:15:39 [error]: AggregateError: 
    at internalConnectMultiple (node:net:1134:18)
    at afterConnectMultiple (node:net:1715:7)
2026-05-14 17:15:41 [error]: AggregateError: 
    at internalConnectMultiple (node:net:1134:18)
    at afterConnectMultiple (node:net:1715:7)
2026-05-14 17:15:43 [error]: AggregateError: 
    at internalConnectMultiple (node:net:1134:18)
    at afterConnectMultiple (node:net:1715:7)
2026-05-14 17:15:45 [error]: AggregateError: 
    at internalConnectMultiple (node:net:1134:18)
    at afterConnectMultiple (node:net:1715:7)
2026-05-14 17:15:47 [error]: AggregateError: 
    at internalConnectMultiple (node:net:1134:18)
    at afterConnectMultiple (node:net:1715:7)
2026-05-14 17:15:49 [error]: AggregateError: 
    at internalConnectMultiple (node:net:1134:18)
    at afterConnectMultiple (node:net:1715:7)
2026-05-14 17:15:51 [error]: AggregateError: 
    at internalConnectMultiple (node:net:1134:18)
    at afterConnectMultiple (node:net:1715:7)
2026-05-14 17:15:54 [error]: AggregateError: 
    at internalConnectMultiple (node:net:1134:18)
    at afterConnectMultiple (node:net:1715:7)
2026-05-14 17:15:56 [error]: AggregateError: 
    at internalConnectMultiple (node:net:1134:18)
    at afterConnectMultiple (node:net:1715:7)
2026-05-14 17:15:58 [error]: AggregateError: 
    at internalConnectMultiple (node:net:1134:18)
    at afterConnectMultiple (node:net:1715:7)
2026-05-14 17:16:00 [error]: AggregateError: 
    at internalConnectMultiple (node:net:1134:18)
    at afterConnectMultiple (node:net:1715:7)
2026-05-14 17:16:02 [error]: AggregateError: 
    at internalConnectMultiple (node:net:1134:18)
    at afterConnectMultiple (node:net:1715:7)
2026-05-14 17:16:04 [error]: AggregateError: 
    at internalConnectMultiple (node:net:1134:18)
    at afterConnectMultiple (node:net:1715:7)
2026-05-14 17:16:06 [error]: AggregateError: 
    at internalConnectMultiple (node:net:1134:18)
    at afterConnectMultiple (node:net:1715:7)
2026-05-14 17:16:08 [error]: AggregateError: 
    at internalConnectMultiple (node:net:1134:18)
    at afterConnectMultiple (node:net:1715:7)
2026-05-14 17:16:10 [error]: AggregateError: 
    at internalConnectMultiple (node:net:1134:18)
    at afterConnectMultiple (node:net:1715:7)
2026-05-14 17:16:12 [error]: AggregateError: 
    at internalConnectMultiple (node:net:1134:18)
    at afterConnectMultiple (node:net:1715:7)
2026-05-14 17:16:14 [error]: AggregateError: 
    at internalConnectMultiple (node:net:1134:18)
    at afterConnectMultiple (node:net:1715:7)
2026-05-14 17:16:16 [error]: AggregateError: 
    at internalConnectMultiple (node:net:1134:18)
    at afterConnectMultiple (node:net:1715:7)
2026-05-14 17:16:18 [error]: AggregateError: 
    at internalConnectMultiple (node:net:1134:18)
    at afterConnectMultiple (node:net:1715:7)
2026-05-14 17:16:21 [error]: AggregateError: 
    at internalConnectMultiple (node:net:1134:18)
    at afterConnectMultiple (node:net:1715:7)
2026-05-14 17:16:23 [error]: AggregateError: 
    at internalConnectMultiple (node:net:1134:18)
    at afterConnectMultiple (node:net:1715:7)
2026-05-14 17:16:25 [error]: AggregateError: 
    at internalConnectMultiple (node:net:1134:18)
    at afterConnectMultiple (node:net:1715:7)
2026-05-14 17:16:27 [error]: AggregateError: 
    at internalConnectMultiple (node:net:1134:18)
    at afterConnectMultiple (node:net:1715:7)
2026-05-14 17:16:29 [error]: AggregateError: 
    at internalConnectMultiple (node:net:1134:18)
    at afterConnectMultiple (node:net:1715:7)
2026-05-14 17:16:31 [error]: AggregateError: 
    at internalConnectMultiple (node:net:1134:18)
    at afterConnectMultiple (node:net:1715:7)
2026-05-14 17:16:33 [error]: AggregateError: 
    at internalConnectMultiple (node:net:1134:18)
    at afterConnectMultiple (node:net:1715:7)
2026-05-14 17:16:35 [error]: AggregateError: 
    at internalConnectMultiple (node:net:1134:18)
    at afterConnectMultiple (node:net:1715:7)
2026-05-14 17:16:37 [error]: AggregateError: 
    at internalConnectMultiple (node:net:1134:18)
    at afterConnectMultiple (node:net:1715:7)
2026-05-14 17:16:40 [error]: AggregateError: 
    at internalConnectMultiple (node:net:1134:18)
    at afterConnectMultiple (node:net:1715:7)
2026-05-14 17:16:42 [error]: AggregateError: 
    at internalConnectMultiple (node:net:1134:18)
    at afterConnectMultiple (node:net:1715:7)
2026-05-14 17:16:44 [error]: AggregateError: 
    at internalConnectMultiple (node:net:1134:18)
    at afterConnectMultiple (node:net:1715:7)
2026-05-14 17:16:46 [error]: AggregateError: 
    at internalConnectMultiple (node:net:1134:18)
    at afterConnectMultiple (node:net:1715:7)
2026-05-14 17:16:48 [error]: AggregateError: 
    at internalConnectMultiple (node:net:1134:18)
    at afterConnectMultiple (node:net:1715:7)
2026-05-14 17:16:50 [error]: AggregateError: 
    at internalConnectMultiple (node:net:1134:18)
    at afterConnectMultiple (node:net:1715:7)
2026-05-14 17:16:52 [error]: AggregateError: 
    at internalConnectMultiple (node:net:1134:18)
    at afterConnectMultiple (node:net:1715:7)
2026-05-14 17:16:54 [error]: AggregateError: 
    at internalConnectMultiple (node:net:1134:18)
    at afterConnectMultiple (node:net:1715:7)
2026-05-14 17:16:56 [error]: AggregateError: 
    at internalConnectMultiple (node:net:1134:18)
    at afterConnectMultiple (node:net:1715:7)
2026-05-14 17:16:58 [error]: AggregateError: 
    at internalConnectMultiple (node:net:1134:18)
    at afterConnectMultiple (node:net:1715:7)
2026-05-14 17:17:00 [error]: AggregateError: 
    at internalConnectMultiple (node:net:1134:18)
    at afterConnectMultiple (node:net:1715:7)
2026-05-14 17:17:02 [error]: AggregateError: 
    at internalConnectMultiple (node:net:1134:18)
    at afterConnectMultiple (node:net:1715:7)
2026-05-14 17:17:05 [error]: AggregateError: 
    at internalConnectMultiple (node:net:1134:18)
    at afterConnectMultiple (node:net:1715:7)
2026-05-14 17:17:07 [error]: AggregateError: 
    at internalConnectMultiple (node:net:1134:18)
    at afterConnectMultiple (node:net:1715:7)
2026-05-14 17:17:09 [error]: AggregateError: 
    at internalConnectMultiple (node:net:1134:18)
    at afterConnectMultiple (node:net:1715:7)
2026-05-14 17:17:11 [error]: AggregateError: 
    at internalConnectMultiple (node:net:1134:18)
    at afterConnectMultiple (node:net:1715:7)
2026-05-14 17:17:13 [error]: AggregateError: 
    at internalConnectMultiple (node:net:1134:18)
    at afterConnectMultiple (node:net:1715:7)
2026-05-14 17:17:15 [error]: AggregateError: 
    at internalConnectMultiple (node:net:1134:18)
    at afterConnectMultiple (node:net:1715:7)
2026-05-14 17:17:18 [error]: AggregateError: 
    at internalConnectMultiple (node:net:1134:18)
    at afterConnectMultiple (node:net:1715:7)
2026-05-14 17:17:20 [error]: AggregateError: 
    at internalConnectMultiple (node:net:1134:18)
    at afterConnectMultiple (node:net:1715:7)
2026-05-14 17:17:22 [error]: AggregateError: 
    at internalConnectMultiple (node:net:1134:18)
    at afterConnectMultiple (node:net:1715:7)
2026-05-14 17:17:24 [error]: AggregateError: 
    at internalConnectMultiple (node:net:1134:18)
    at afterConnectMultiple (node:net:1715:7)
2026-05-14 17:17:26 [error]: AggregateError: 
    at internalConnectMultiple (node:net:1134:18)
    at afterConnectMultiple (node:net:1715:7)
2026-05-14 17:17:28 [error]: AggregateError: 
    at internalConnectMultiple (node:net:1134:18)
    at afterConnectMultiple (node:net:1715:7)
2026-05-14 17:17:31 [error]: AggregateError: 
    at internalConnectMultiple (node:net:1134:18)
    at afterConnectMultiple (node:net:1715:7)
2026-05-14 17:17:33 [error]: AggregateError: 
    at internalConnectMultiple (node:net:1134:18)
    at afterConnectMultiple (node:net:1715:7)
2026-05-14 17:17:35 [error]: AggregateError: 
    at internalConnectMultiple (node:net:1134:18)
    at afterConnectMultiple (node:net:1715:7)
2026-05-14 17:17:37 [error]: AggregateError: 
    at internalConnectMultiple (node:net:1134:18)
    at afterConnectMultiple (node:net:1715:7)
2026-05-14 17:17:39 [error]: AggregateError: 
    at internalConnectMultiple (node:net:1134:18)
    at afterConnectMultiple (node:net:1715:7)
2026-05-14 17:17:41 [error]: AggregateError: 
    at internalConnectMultiple (node:net:1134:18)
    at afterConnectMultiple (node:net:1715:7)
2026-05-14 17:17:43 [error]: AggregateError: 
    at internalConnectMultiple (node:net:1134:18)
    at afterConnectMultiple (node:net:1715:7)
2026-05-14 17:17:46 [error]: AggregateError: 
    at internalConnectMultiple (node:net:1134:18)
    at afterConnectMultiple (node:net:1715:7)
2026-05-14 17:17:48 [error]: AggregateError: 
    at internalConnectMultiple (node:net:1134:18)
    at afterConnectMultiple (node:net:1715:7)
2026-05-14 17:17:50 [error]: AggregateError: 
    at internalConnectMultiple (node:net:1134:18)
    at afterConnectMultiple (node:net:1715:7)
2026-05-14 17:17:52 [error]: AggregateError: 
    at internalConnectMultiple (node:net:1134:18)
    at afterConnectMultiple (node:net:1715:7)
2026-05-14 17:17:54 [error]: AggregateError: 
    at internalConnectMultiple (node:net:1134:18)
    at afterConnectMultiple (node:net:1715:7)
2026-05-14 17:17:56 [error]: AggregateError: 
    at internalConnectMultiple (node:net:1134:18)
    at afterConnectMultiple (node:net:1715:7)
2026-05-14 17:17:58 [error]: AggregateError: 
    at internalConnectMultiple (node:net:1134:18)
    at afterConnectMultiple (node:net:1715:7)
2026-05-14 17:18:00 [error]: AggregateError: 
    at internalConnectMultiple (node:net:1134:18)
    at afterConnectMultiple (node:net:1715:7)
2026-05-14 17:18:03 [error]: AggregateError: 
    at internalConnectMultiple (node:net:1134:18)
    at afterConnectMultiple (node:net:1715:7)
2026-05-14 17:18:05 [error]: AggregateError: 
    at internalConnectMultiple (node:net:1134:18)
    at afterConnectMultiple (node:net:1715:7)
2026-05-14 17:18:07 [error]: AggregateError: 
    at internalConnectMultiple (node:net:1134:18)
    at afterConnectMultiple (node:net:1715:7)
2026-05-14 17:18:09 [error]: AggregateError: 
    at internalConnectMultiple (node:net:1134:18)
    at afterConnectMultiple (node:net:1715:7)
2026-05-14 17:18:11 [error]: AggregateError: 
    at internalConnectMultiple (node:net:1134:18)
    at afterConnectMultiple (node:net:1715:7)
2026-05-14 17:18:13 [error]: AggregateError: 
    at internalConnectMultiple (node:net:1134:18)
    at afterConnectMultiple (node:net:1715:7)
2026-05-14 17:18:16 [error]: AggregateError: 
    at internalConnectMultiple (node:net:1134:18)
    at afterConnectMultiple (node:net:1715:7)
2026-05-14 17:18:18 [error]: AggregateError: 
    at internalConnectMultiple (node:net:1134:18)
    at afterConnectMultiple (node:net:1715:7)
2026-05-14 17:18:20 [error]: AggregateError: 
    at internalConnectMultiple (node:net:1134:18)
    at afterConnectMultiple (node:net:1715:7)
2026-05-14 17:18:22 [error]: AggregateError: 
    at internalConnectMultiple (node:net:1134:18)
    at afterConnectMultiple (node:net:1715:7)
2026-05-14 17:18:24 [error]: AggregateError: 
    at internalConnectMultiple (node:net:1134:18)
    at afterConnectMultiple (node:net:1715:7)
2026-05-14 17:18:26 [error]: AggregateError: 
    at internalConnectMultiple (node:net:1134:18)
    at afterConnectMultiple (node:net:1715:7)
2026-05-14 17:18:28 [error]: AggregateError: 
    at internalConnectMultiple (node:net:1134:18)
    at afterConnectMultiple (node:net:1715:7)
2026-05-14 17:18:30 [error]: AggregateError: 
    at internalConnectMultiple (node:net:1134:18)
    at afterConnectMultiple (node:net:1715:7)
2026-05-14 17:18:32 [error]: AggregateError: 
    at internalConnectMultiple (node:net:1134:18)
    at afterConnectMultiple (node:net:1715:7)
2026-05-14 17:18:35 [error]: AggregateError: 
    at internalConnectMultiple (node:net:1134:18)
    at afterConnectMultiple (node:net:1715:7)
2026-05-14 17:18:37 [error]: AggregateError: 
    at internalConnectMultiple (node:net:1134:18)
    at afterConnectMultiple (node:net:1715:7)
2026-05-14 17:18:39 [error]: AggregateError: 
    at internalConnectMultiple (node:net:1134:18)
    at afterConnectMultiple (node:net:1715:7)
2026-05-14 17:18:41 [error]: AggregateError: 
    at internalConnectMultiple (node:net:1134:18)
    at afterConnectMultiple (node:net:1715:7)
2026-05-14 17:18:43 [error]: AggregateError: 
    at internalConnectMultiple (node:net:1134:18)
    at afterConnectMultiple (node:net:1715:7)
2026-05-14 17:18:45 [error]: AggregateError: 
    at internalConnectMultiple (node:net:1134:18)
    at afterConnectMultiple (node:net:1715:7)
2026-05-14 17:18:47 [error]: AggregateError: 
    at internalConnectMultiple (node:net:1134:18)
    at afterConnectMultiple (node:net:1715:7)
2026-05-14 17:18:49 [error]: AggregateError: 
    at internalConnectMultiple (node:net:1134:18)
    at afterConnectMultiple (node:net:1715:7)
2026-05-14 17:18:52 [error]: AggregateError: 
    at internalConnectMultiple (node:net:1134:18)
    at afterConnectMultiple (node:net:1715:7)
2026-05-14 17:18:54 [error]: AggregateError: 
    at internalConnectMultiple (node:net:1134:18)
    at afterConnectMultiple (node:net:1715:7)
2026-05-14 17:18:56 [error]: AggregateError: 
    at internalConnectMultiple (node:net:1134:18)
    at afterConnectMultiple (node:net:1715:7)
2026-05-14 17:18:58 [error]: AggregateError: 
    at internalConnectMultiple (node:net:1134:18)
    at afterConnectMultiple (node:net:1715:7)
2026-05-14 17:19:00 [error]: AggregateError: 
    at internalConnectMultiple (node:net:1134:18)
    at afterConnectMultiple (node:net:1715:7)
2026-05-14 17:19:02 [error]: AggregateError: 
    at internalConnectMultiple (node:net:1134:18)
    at afterConnectMultiple (node:net:1715:7)
2026-05-14 17:19:04 [error]: AggregateError: 
    at internalConnectMultiple (node:net:1134:18)
    at afterConnectMultiple (node:net:1715:7)
2026-05-14 17:19:06 [error]: AggregateError: 
    at internalConnectMultiple (node:net:1134:18)
    at afterConnectMultiple (node:net:1715:7)
2026-05-14 17:19:08 [error]: AggregateError: 
    at internalConnectMultiple (node:net:1134:18)
    at afterConnectMultiple (node:net:1715:7)
2026-05-14 17:19:11 [error]: AggregateError: 
    at internalConnectMultiple (node:net:1134:18)
    at afterConnectMultiple (node:net:1715:7)
2026-05-14 17:19:13 [error]: AggregateError: 
    at internalConnectMultiple (node:net:1134:18)
    at afterConnectMultiple (node:net:1715:7)
2026-05-14 17:19:15 [error]: AggregateError: 
    at internalConnectMultiple (node:net:1134:18)
    at afterConnectMultiple (node:net:1715:7)
2026-05-14 17:19:17 [error]: AggregateError: 
    at internalConnectMultiple (node:net:1134:18)
    at afterConnectMultiple (node:net:1715:7)
2026-05-14 17:19:19 [error]: AggregateError: 
    at internalConnectMultiple (node:net:1134:18)
    at afterConnectMultiple (node:net:1715:7)
2026-05-14 17:19:21 [error]: AggregateError: 
    at internalConnectMultiple (node:net:1134:18)
    at afterConnectMultiple (node:net:1715:7)
2026-05-14 17:19:23 [error]: AggregateError: 
    at internalConnectMultiple (node:net:1134:18)
    at afterConnectMultiple (node:net:1715:7)
2026-05-14 17:19:25 [error]: AggregateError: 
    at internalConnectMultiple (node:net:1134:18)
    at afterConnectMultiple (node:net:1715:7)
2026-05-14 17:19:27 [error]: AggregateError: 
    at internalConnectMultiple (node:net:1134:18)
    at afterConnectMultiple (node:net:1715:7)
2026-05-14 17:19:30 [error]: AggregateError: 
    at internalConnectMultiple (node:net:1134:18)
    at afterConnectMultiple (node:net:1715:7)
2026-05-14 17:19:32 [error]: AggregateError: 
    at internalConnectMultiple (node:net:1134:18)
    at afterConnectMultiple (node:net:1715:7)
2026-05-14 17:19:34 [error]: AggregateError: 
    at internalConnectMultiple (node:net:1134:18)
    at afterConnectMultiple (node:net:1715:7)
2026-05-14 17:19:36 [error]: AggregateError: 
    at internalConnectMultiple (node:net:1134:18)
    at afterConnectMultiple (node:net:1715:7)
2026-05-14 17:19:38 [error]: AggregateError: 
    at internalConnectMultiple (node:net:1134:18)
    at afterConnectMultiple (node:net:1715:7)
2026-05-14 17:19:40 [error]: AggregateError: 
    at internalConnectMultiple (node:net:1134:18)
    at afterConnectMultiple (node:net:1715:7)
2026-05-14 17:19:42 [error]: AggregateError: 
    at internalConnectMultiple (node:net:1134:18)
    at afterConnectMultiple (node:net:1715:7)
2026-05-14 17:19:44 [error]: AggregateError: 
    at internalConnectMultiple (node:net:1134:18)
    at afterConnectMultiple (node:net:1715:7)
2026-05-14 17:19:46 [error]: AggregateError: 
    at internalConnectMultiple (node:net:1134:18)
    at afterConnectMultiple (node:net:1715:7)
2026-05-14 17:19:48 [error]: AggregateError: 
    at internalConnectMultiple (node:net:1134:18)
    at afterConnectMultiple (node:net:1715:7)
2026-05-14 17:19:50 [error]: AggregateError: 
    at internalConnectMultiple (node:net:1134:18)
    at afterConnectMultiple (node:net:1715:7)
2026-05-14 17:19:52 [error]: AggregateError: 
    at internalConnectMultiple (node:net:1134:18)
    at afterConnectMultiple (node:net:1715:7)
2026-05-14 17:19:54 [error]: AggregateError: 
    at internalConnectMultiple (node:net:1134:18)
    at afterConnectMultiple (node:net:1715:7)
2026-05-14 17:19:56 [error]: AggregateError: 
    at internalConnectMultiple (node:net:1134:18)
    at afterConnectMultiple (node:net:1715:7)
2026-05-14 17:19:59 [error]: AggregateError: 
    at internalConnectMultiple (node:net:1134:18)
    at afterConnectMultiple (node:net:1715:7)
2026-05-14 17:20:01 [error]: AggregateError: 
    at internalConnectMultiple (node:net:1134:18)
    at afterConnectMultiple (node:net:1715:7)
2026-05-14 17:20:03 [error]: AggregateError: 
    at internalConnectMultiple (node:net:1134:18)
    at afterConnectMultiple (node:net:1715:7)
2026-05-14 17:20:05 [error]: AggregateError: 
    at internalConnectMultiple (node:net:1134:18)
    at afterConnectMultiple (node:net:1715:7)
2026-05-14 17:20:07 [error]: AggregateError: 
    at internalConnectMultiple (node:net:1134:18)
    at afterConnectMultiple (node:net:1715:7)
2026-05-14 17:20:09 [error]: AggregateError: 
    at internalConnectMultiple (node:net:1134:18)
    at afterConnectMultiple (node:net:1715:7)
2026-05-14 17:20:11 [error]: AggregateError: 
    at internalConnectMultiple (node:net:1134:18)
    at afterConnectMultiple (node:net:1715:7)
2026-05-14 17:20:13 [error]: AggregateError: 
    at internalConnectMultiple (node:net:1134:18)
    at afterConnectMultiple (node:net:1715:7)
2026-05-14 17:20:15 [error]: AggregateError: 
    at internalConnectMultiple (node:net:1134:18)
    at afterConnectMultiple (node:net:1715:7)
2026-05-14 17:20:17 [error]: AggregateError: 
    at internalConnectMultiple (node:net:1134:18)
    at afterConnectMultiple (node:net:1715:7)
2026-05-14 17:20:20 [error]: AggregateError: 
    at internalConnectMultiple (node:net:1134:18)
    at afterConnectMultiple (node:net:1715:7)
2026-05-14 17:20:22 [error]: AggregateError: 
    at internalConnectMultiple (node:net:1134:18)
    at afterConnectMultiple (node:net:1715:7)
2026-05-14 17:20:24 [error]: AggregateError: 
    at internalConnectMultiple (node:net:1134:18)
    at afterConnectMultiple (node:net:1715:7)
2026-05-14 17:20:26 [error]: AggregateError: 
    at internalConnectMultiple (node:net:1134:18)
    at afterConnectMultiple (node:net:1715:7)
2026-05-14 17:20:28 [error]: AggregateError: 
    at internalConnectMultiple (node:net:1134:18)
    at afterConnectMultiple (node:net:1715:7)
2026-05-14 17:20:30 [error]: AggregateError: 
    at internalConnectMultiple (node:net:1134:18)
    at afterConnectMultiple (node:net:1715:7)
2026-05-14 17:20:32 [error]: AggregateError: 
    at internalConnectMultiple (node:net:1134:18)
    at afterConnectMultiple (node:net:1715:7)
2026-05-14 17:20:34 [error]: AggregateError: 
    at internalConnectMultiple (node:net:1134:18)
    at afterConnectMultiple (node:net:1715:7)
2026-05-14 17:20:37 [error]: AggregateError: 
    at internalConnectMultiple (node:net:1134:18)
    at afterConnectMultiple (node:net:1715:7)
2026-05-14 17:20:39 [error]: AggregateError: 
    at internalConnectMultiple (node:net:1134:18)
    at afterConnectMultiple (node:net:1715:7)
2026-05-14 17:20:41 [error]: AggregateError: 
    at internalConnectMultiple (node:net:1134:18)
    at afterConnectMultiple (node:net:1715:7)
2026-05-14 17:20:43 [error]: AggregateError: 
    at internalConnectMultiple (node:net:1134:18)
    at afterConnectMultiple (node:net:1715:7)
2026-05-14 17:20:45 [error]: AggregateError: 
    at internalConnectMultiple (node:net:1134:18)
    at afterConnectMultiple (node:net:1715:7)
2026-05-14 17:20:47 [error]: AggregateError: 
    at internalConnectMultiple (node:net:1134:18)
    at afterConnectMultiple (node:net:1715:7)
2026-05-14 17:20:49 [error]: AggregateError: 
    at internalConnectMultiple (node:net:1134:18)
    at afterConnectMultiple (node:net:1715:7)
2026-05-14 17:20:51 [error]: AggregateError: 
    at internalConnectMultiple (node:net:1134:18)
    at afterConnectMultiple (node:net:1715:7)
2026-05-14 17:20:53 [error]: AggregateError: 
    at internalConnectMultiple (node:net:1134:18)
    at afterConnectMultiple (node:net:1715:7)
2026-05-14 17:20:55 [error]: AggregateError: 
    at internalConnectMultiple (node:net:1134:18)
    at afterConnectMultiple (node:net:1715:7)
2026-05-14 17:20:57 [error]: AggregateError: 
    at internalConnectMultiple (node:net:1134:18)
    at afterConnectMultiple (node:net:1715:7)
2026-05-14 17:20:59 [error]: AggregateError: 
    at internalConnectMultiple (node:net:1134:18)
    at afterConnectMultiple (node:net:1715:7)
2026-05-14 17:21:01 [error]: AggregateError: 
    at internalConnectMultiple (node:net:1134:18)
    at afterConnectMultiple (node:net:1715:7)
2026-05-14 17:21:04 [error]: AggregateError: 
    at internalConnectMultiple (node:net:1134:18)
    at afterConnectMultiple (node:net:1715:7)
2026-05-14 17:21:06 [error]: AggregateError: 
    at internalConnectMultiple (node:net:1134:18)
    at afterConnectMultiple (node:net:1715:7)
2026-05-14 17:21:08 [error]: AggregateError: 
    at internalConnectMultiple (node:net:1134:18)
    at afterConnectMultiple (node:net:1715:7)
2026-05-14 17:21:10 [error]: AggregateError: 
    at internalConnectMultiple (node:net:1134:18)
    at afterConnectMultiple (node:net:1715:7)
2026-05-14 17:21:12 [error]: AggregateError: 
    at internalConnectMultiple (node:net:1134:18)
    at afterConnectMultiple (node:net:1715:7)
2026-05-14 17:21:14 [error]: AggregateError: 
    at internalConnectMultiple (node:net:1134:18)
    at afterConnectMultiple (node:net:1715:7)
2026-05-14 17:21:16 [error]: AggregateError: 
    at internalConnectMultiple (node:net:1134:18)
    at afterConnectMultiple (node:net:1715:7)
2026-05-14 17:21:19 [error]: AggregateError: 
    at internalConnectMultiple (node:net:1134:18)
    at afterConnectMultiple (node:net:1715:7)
2026-05-14 17:21:21 [error]: AggregateError: 
    at internalConnectMultiple (node:net:1134:18)
    at afterConnectMultiple (node:net:1715:7)
2026-05-14 17:21:23 [error]: AggregateError: 
    at internalConnectMultiple (node:net:1134:18)
    at afterConnectMultiple (node:net:1715:7)
2026-05-14 17:21:25 [error]: AggregateError: 
    at internalConnectMultiple (node:net:1134:18)
    at afterConnectMultiple (node:net:1715:7)
2026-05-14 17:21:27 [error]: AggregateError: 
    at internalConnectMultiple (node:net:1134:18)
    at afterConnectMultiple (node:net:1715:7)
2026-05-14 17:21:29 [error]: AggregateError: 
    at internalConnectMultiple (node:net:1134:18)
    at afterConnectMultiple (node:net:1715:7)
2026-05-14 17:21:31 [error]: AggregateError: 
    at internalConnectMultiple (node:net:1134:18)
    at afterConnectMultiple (node:net:1715:7)
2026-05-14 17:21:33 [error]: AggregateError: 
    at internalConnectMultiple (node:net:1134:18)
    at afterConnectMultiple (node:net:1715:7)
2026-05-14 17:21:35 [error]: AggregateError: 
    at internalConnectMultiple (node:net:1134:18)
    at afterConnectMultiple (node:net:1715:7)
2026-05-14 17:21:37 [error]: AggregateError: 
    at internalConnectMultiple (node:net:1134:18)
    at afterConnectMultiple (node:net:1715:7)
2026-05-14 17:21:39 [error]: AggregateError: 
    at internalConnectMultiple (node:net:1134:18)
    at afterConnectMultiple (node:net:1715:7)
2026-05-14 17:21:41 [error]: AggregateError: 
    at internalConnectMultiple (node:net:1134:18)
    at afterConnectMultiple (node:net:1715:7)
2026-05-14 17:21:43 [error]: AggregateError: 
    at internalConnectMultiple (node:net:1134:18)
    at afterConnectMultiple (node:net:1715:7)
2026-05-14 17:21:45 [error]: AggregateError: 
    at internalConnectMultiple (node:net:1134:18)
    at afterConnectMultiple (node:net:1715:7)
2026-05-14 17:21:48 [error]: AggregateError: 
    at internalConnectMultiple (node:net:1134:18)
    at afterConnectMultiple (node:net:1715:7)
2026-05-14 17:21:50 [error]: AggregateError: 
    at internalConnectMultiple (node:net:1134:18)
    at afterConnectMultiple (node:net:1715:7)
2026-05-14 17:21:52 [error]: AggregateError: 
    at internalConnectMultiple (node:net:1134:18)
    at afterConnectMultiple (node:net:1715:7)
2026-05-14 17:21:54 [error]: AggregateError: 
    at internalConnectMultiple (node:net:1134:18)
    at afterConnectMultiple (node:net:1715:7)
2026-05-14 17:21:56 [error]: AggregateError: 
    at internalConnectMultiple (node:net:1134:18)
    at afterConnectMultiple (node:net:1715:7)
2026-05-14 17:21:58 [error]: AggregateError: 
    at internalConnectMultiple (node:net:1134:18)
    at afterConnectMultiple (node:net:1715:7)
2026-05-14 17:22:00 [error]: AggregateError: 
    at internalConnectMultiple (node:net:1134:18)
    at afterConnectMultiple (node:net:1715:7)
2026-05-14 17:22:03 [error]: AggregateError: 
    at internalConnectMultiple (node:net:1134:18)
    at afterConnectMultiple (node:net:1715:7)
2026-05-14 17:22:05 [error]: AggregateError: 
    at internalConnectMultiple (node:net:1134:18)
    at afterConnectMultiple (node:net:1715:7)
2026-05-14 17:22:07 [error]: AggregateError: 
    at internalConnectMultiple (node:net:1134:18)
    at afterConnectMultiple (node:net:1715:7)
2026-05-14 17:22:09 [error]: AggregateError: 
    at internalConnectMultiple (node:net:1134:18)
    at afterConnectMultiple (node:net:1715:7)
2026-05-14 17:22:11 [error]: AggregateError: 
    at internalConnectMultiple (node:net:1134:18)
    at afterConnectMultiple (node:net:1715:7)
2026-05-14 17:22:13 [error]: AggregateError: 
    at internalConnectMultiple (node:net:1134:18)
    at afterConnectMultiple (node:net:1715:7)
2026-05-14 17:22:15 [error]: AggregateError: 
    at internalConnectMultiple (node:net:1134:18)
    at afterConnectMultiple (node:net:1715:7)
2026-05-14 17:22:17 [error]: AggregateError: 
    at internalConnectMultiple (node:net:1134:18)
    at afterConnectMultiple (node:net:1715:7)
2026-05-14 17:22:20 [error]: AggregateError: 
    at internalConnectMultiple (node:net:1134:18)
    at afterConnectMultiple (node:net:1715:7)
2026-05-14 17:22:23 [error]: AggregateError: 
    at internalConnectMultiple (node:net:1134:18)
    at afterConnectMultiple (node:net:1715:7)
2026-05-14 17:22:25 [error]: AggregateError: 
    at internalConnectMultiple (node:net:1134:18)
    at afterConnectMultiple (node:net:1715:7)
2026-05-14 17:22:27 [error]: AggregateError: 
    at internalConnectMultiple (node:net:1134:18)
    at afterConnectMultiple (node:net:1715:7)
2026-05-14 17:22:29 [error]: AggregateError: 
    at internalConnectMultiple (node:net:1134:18)
    at afterConnectMultiple (node:net:1715:7)
2026-05-14 17:22:31 [error]: AggregateError: 
    at internalConnectMultiple (node:net:1134:18)
    at afterConnectMultiple (node:net:1715:7)
2026-05-14 17:22:33 [error]: AggregateError: 
    at internalConnectMultiple (node:net:1134:18)
    at afterConnectMultiple (node:net:1715:7)
2026-05-14 17:22:35 [error]: AggregateError: 
    at internalConnectMultiple (node:net:1134:18)
    at afterConnectMultiple (node:net:1715:7)
2026-05-14 17:22:38 [error]: AggregateError: 
    at internalConnectMultiple (node:net:1134:18)
    at afterConnectMultiple (node:net:1715:7)
2026-05-14 17:22:40 [error]: AggregateError: 
    at internalConnectMultiple (node:net:1134:18)
    at afterConnectMultiple (node:net:1715:7)
2026-05-14 17:22:42 [error]: AggregateError: 
    at internalConnectMultiple (node:net:1134:18)
    at afterConnectMultiple (node:net:1715:7)
2026-05-14 17:22:44 [error]: AggregateError: 
    at internalConnectMultiple (node:net:1134:18)
    at afterConnectMultiple (node:net:1715:7)
2026-05-14 17:22:46 [error]: AggregateError: 
    at internalConnectMultiple (node:net:1134:18)
    at afterConnectMultiple (node:net:1715:7)
2026-05-14 17:22:48 [error]: AggregateError: 
    at internalConnectMultiple (node:net:1134:18)
    at afterConnectMultiple (node:net:1715:7)
2026-05-14 17:22:50 [error]: AggregateError: 
    at internalConnectMultiple (node:net:1134:18)
    at afterConnectMultiple (node:net:1715:7)
2026-05-14 17:22:52 [error]: AggregateError: 
    at internalConnectMultiple (node:net:1134:18)
    at afterConnectMultiple (node:net:1715:7)
2026-05-14 17:22:54 [error]: AggregateError: 
    at internalConnectMultiple (node:net:1134:18)
    at afterConnectMultiple (node:net:1715:7)
2026-05-14 17:22:57 [error]: AggregateError: 
    at internalConnectMultiple (node:net:1134:18)
    at afterConnectMultiple (node:net:1715:7)
2026-05-14 17:22:59 [error]: AggregateError: 
    at internalConnectMultiple (node:net:1134:18)
    at afterConnectMultiple (node:net:1715:7)
2026-05-14 17:23:01 [error]: AggregateError: 
    at internalConnectMultiple (node:net:1134:18)
    at afterConnectMultiple (node:net:1715:7)
2026-05-14 17:23:03 [error]: AggregateError: 
    at internalConnectMultiple (node:net:1134:18)
    at afterConnectMultiple (node:net:1715:7)
2026-05-14 17:23:05 [error]: AggregateError: 
    at internalConnectMultiple (node:net:1134:18)
    at afterConnectMultiple (node:net:1715:7)
2026-05-14 17:23:07 [error]: AggregateError: 
    at internalConnectMultiple (node:net:1134:18)
    at afterConnectMultiple (node:net:1715:7)
2026-05-14 17:23:09 [error]: AggregateError: 
    at internalConnectMultiple (node:net:1134:18)
    at afterConnectMultiple (node:net:1715:7)
2026-05-14 17:23:11 [error]: AggregateError: 
    at internalConnectMultiple (node:net:1134:18)
    at afterConnectMultiple (node:net:1715:7)
2026-05-14 17:23:13 [error]: AggregateError: 
    at internalConnectMultiple (node:net:1134:18)
    at afterConnectMultiple (node:net:1715:7)
2026-05-14 17:23:16 [error]: AggregateError: 
    at internalConnectMultiple (node:net:1134:18)
    at afterConnectMultiple (node:net:1715:7)
2026-05-14 17:23:18 [error]: AggregateError: 
    at internalConnectMultiple (node:net:1134:18)
    at afterConnectMultiple (node:net:1715:7)
2026-05-14 17:23:20 [error]: AggregateError: 
    at internalConnectMultiple (node:net:1134:18)
    at afterConnectMultiple (node:net:1715:7)
2026-05-14 17:23:22 [error]: AggregateError: 
    at internalConnectMultiple (node:net:1134:18)
    at afterConnectMultiple (node:net:1715:7)
2026-05-14 17:23:24 [error]: AggregateError: 
    at internalConnectMultiple (node:net:1134:18)
    at afterConnectMultiple (node:net:1715:7)
2026-05-14 17:23:26 [error]: AggregateError: 
    at internalConnectMultiple (node:net:1134:18)
    at afterConnectMultiple (node:net:1715:7)
2026-05-14 17:23:28 [error]: AggregateError: 
    at internalConnectMultiple (node:net:1134:18)
    at afterConnectMultiple (node:net:1715:7)
2026-05-14 17:23:30 [error]: AggregateError: 
    at internalConnectMultiple (node:net:1134:18)
    at afterConnectMultiple (node:net:1715:7)
2026-05-14 17:23:33 [error]: AggregateError: 
    at internalConnectMultiple (node:net:1134:18)
    at afterConnectMultiple (node:net:1715:7)
2026-05-14 17:23:35 [error]: AggregateError: 
    at internalConnectMultiple (node:net:1134:18)
    at afterConnectMultiple (node:net:1715:7)
2026-05-14 17:23:37 [error]: AggregateError: 
    at internalConnectMultiple (node:net:1134:18)
    at afterConnectMultiple (node:net:1715:7)
2026-05-14 17:23:39 [error]: AggregateError: 
    at internalConnectMultiple (node:net:1134:18)
    at afterConnectMultiple (node:net:1715:7)
2026-05-14 17:23:41 [error]: AggregateError: 
    at internalConnectMultiple (node:net:1134:18)
    at afterConnectMultiple (node:net:1715:7)
2026-05-14 17:23:43 [error]: AggregateError: 
    at internalConnectMultiple (node:net:1134:18)
    at afterConnectMultiple (node:net:1715:7)
2026-05-14 17:23:45 [error]: AggregateError: 
    at internalConnectMultiple (node:net:1134:18)
    at afterConnectMultiple (node:net:1715:7)
2026-05-14 17:23:47 [error]: AggregateError: 
    at internalConnectMultiple (node:net:1134:18)
    at afterConnectMultiple (node:net:1715:7)
2026-05-14 17:23:49 [error]: AggregateError: 
    at internalConnectMultiple (node:net:1134:18)
    at afterConnectMultiple (node:net:1715:7)
2026-05-14 17:23:52 [error]: AggregateError: 
    at internalConnectMultiple (node:net:1134:18)
    at afterConnectMultiple (node:net:1715:7)
2026-05-14 17:23:54 [error]: AggregateError: 
    at internalConnectMultiple (node:net:1134:18)
    at afterConnectMultiple (node:net:1715:7)
2026-05-14 17:23:56 [error]: AggregateError: 
    at internalConnectMultiple (node:net:1134:18)
    at afterConnectMultiple (node:net:1715:7)
2026-05-14 17:23:58 [error]: AggregateError: 
    at internalConnectMultiple (node:net:1134:18)
    at afterConnectMultiple (node:net:1715:7)
2026-05-14 17:24:00 [error]: AggregateError: 
    at internalConnectMultiple (node:net:1134:18)
    at afterConnectMultiple (node:net:1715:7)
2026-05-14 17:24:02 [error]: AggregateError: 
    at internalConnectMultiple (node:net:1134:18)
    at afterConnectMultiple (node:net:1715:7)
2026-05-14 17:24:04 [error]: AggregateError: 
    at internalConnectMultiple (node:net:1134:18)
    at afterConnectMultiple (node:net:1715:7)
2026-05-14 17:24:06 [error]: AggregateError: 
    at internalConnectMultiple (node:net:1134:18)
    at afterConnectMultiple (node:net:1715:7)
2026-05-14 17:24:08 [error]: AggregateError: 
    at internalConnectMultiple (node:net:1134:18)
    at afterConnectMultiple (node:net:1715:7)
2026-05-14 17:24:10 [error]: AggregateError: 
    at internalConnectMultiple (node:net:1134:18)
    at afterConnectMultiple (node:net:1715:7)
2026-05-14 17:24:12 [error]: AggregateError: 
    at internalConnectMultiple (node:net:1134:18)
    at afterConnectMultiple (node:net:1715:7)
2026-05-14 17:24:15 [error]: AggregateError: 
    at internalConnectMultiple (node:net:1134:18)
    at afterConnectMultiple (node:net:1715:7)
2026-05-14 17:24:17 [error]: AggregateError: 
    at internalConnectMultiple (node:net:1134:18)
    at afterConnectMultiple (node:net:1715:7)
2026-05-14 17:24:19 [error]: AggregateError: 
    at internalConnectMultiple (node:net:1134:18)
    at afterConnectMultiple (node:net:1715:7)
2026-05-14 17:24:21 [error]: AggregateError: 
    at internalConnectMultiple (node:net:1134:18)
    at afterConnectMultiple (node:net:1715:7)
2026-05-14 17:24:23 [error]: AggregateError: 
    at internalConnectMultiple (node:net:1134:18)
    at afterConnectMultiple (node:net:1715:7)
2026-05-14 17:24:25 [error]: AggregateError: 
    at internalConnectMultiple (node:net:1134:18)
    at afterConnectMultiple (node:net:1715:7)
2026-05-14 17:24:27 [error]: AggregateError: 
    at internalConnectMultiple (node:net:1134:18)
    at afterConnectMultiple (node:net:1715:7)
2026-05-14 17:24:29 [error]: AggregateError: 
    at internalConnectMultiple (node:net:1134:18)
    at afterConnectMultiple (node:net:1715:7)
2026-05-14 17:24:32 [error]: AggregateError: 
    at internalConnectMultiple (node:net:1134:18)
    at afterConnectMultiple (node:net:1715:7)
2026-05-14 17:24:34 [error]: AggregateError: 
    at internalConnectMultiple (node:net:1134:18)
    at afterConnectMultiple (node:net:1715:7)
2026-05-14 17:24:36 [error]: AggregateError: 
    at internalConnectMultiple (node:net:1134:18)
    at afterConnectMultiple (node:net:1715:7)
2026-05-14 17:24:38 [error]: AggregateError: 
    at internalConnectMultiple (node:net:1134:18)
    at afterConnectMultiple (node:net:1715:7)
2026-05-14 17:24:40 [error]: AggregateError: 
    at internalConnectMultiple (node:net:1134:18)
    at afterConnectMultiple (node:net:1715:7)
2026-05-14 17:24:42 [error]: AggregateError: 
    at internalConnectMultiple (node:net:1134:18)
    at afterConnectMultiple (node:net:1715:7)
2026-05-14 17:24:44 [error]: AggregateError: 
    at internalConnectMultiple (node:net:1134:18)
    at afterConnectMultiple (node:net:1715:7)
2026-05-14 17:24:46 [error]: AggregateError: 
    at internalConnectMultiple (node:net:1134:18)
    at afterConnectMultiple (node:net:1715:7)
2026-05-14 17:24:48 [error]: AggregateError: 
    at internalConnectMultiple (node:net:1134:18)
    at afterConnectMultiple (node:net:1715:7)
2026-05-14 17:24:50 [error]: AggregateError: 
    at internalConnectMultiple (node:net:1134:18)
    at afterConnectMultiple (node:net:1715:7)
2026-05-14 17:24:52 [error]: AggregateError: 
    at internalConnectMultiple (node:net:1134:18)
    at afterConnectMultiple (node:net:1715:7)
2026-05-14 17:24:55 [error]: AggregateError: 
    at internalConnectMultiple (node:net:1134:18)
    at afterConnectMultiple (node:net:1715:7)
2026-05-14 17:24:57 [error]: AggregateError: 
    at internalConnectMultiple (node:net:1134:18)
    at afterConnectMultiple (node:net:1715:7)
2026-05-14 17:24:59 [error]: AggregateError: 
    at internalConnectMultiple (node:net:1134:18)
    at afterConnectMultiple (node:net:1715:7)
2026-05-14 17:25:01 [error]: AggregateError: 
    at internalConnectMultiple (node:net:1134:18)
    at afterConnectMultiple (node:net:1715:7)
2026-05-14 17:25:03 [error]: AggregateError: 
    at internalConnectMultiple (node:net:1134:18)
    at afterConnectMultiple (node:net:1715:7)
2026-05-14 17:25:05 [error]: AggregateError: 
    at internalConnectMultiple (node:net:1134:18)
    at afterConnectMultiple (node:net:1715:7)
2026-05-14 17:25:07 [error]: AggregateError: 
    at internalConnectMultiple (node:net:1134:18)
    at afterConnectMultiple (node:net:1715:7)
2026-05-14 17:25:09 [error]: AggregateError: 
    at internalConnectMultiple (node:net:1134:18)
    at afterConnectMultiple (node:net:1715:7)
2026-05-14 17:25:12 [error]: AggregateError: 
    at internalConnectMultiple (node:net:1134:18)
    at afterConnectMultiple (node:net:1715:7)
2026-05-14 17:25:14 [error]: AggregateError: 
    at internalConnectMultiple (node:net:1134:18)
    at afterConnectMultiple (node:net:1715:7)
2026-05-14 17:25:16 [error]: AggregateError: 
    at internalConnectMultiple (node:net:1134:18)
    at afterConnectMultiple (node:net:1715:7)
2026-05-14 17:25:18 [error]: AggregateError: 
    at internalConnectMultiple (node:net:1134:18)
    at afterConnectMultiple (node:net:1715:7)
2026-05-14 17:25:20 [error]: AggregateError: 
    at internalConnectMultiple (node:net:1134:18)
    at afterConnectMultiple (node:net:1715:7)
2026-05-14 17:25:22 [error]: AggregateError: 
    at internalConnectMultiple (node:net:1134:18)
    at afterConnectMultiple (node:net:1715:7)
2026-05-14 17:25:24 [error]: AggregateError: 
    at internalConnectMultiple (node:net:1134:18)
    at afterConnectMultiple (node:net:1715:7)
2026-05-14 17:25:26 [error]: AggregateError: 
    at internalConnectMultiple (node:net:1134:18)
    at afterConnectMultiple (node:net:1715:7)
2026-05-14 17:25:28 [error]: AggregateError: 
    at internalConnectMultiple (node:net:1134:18)
    at afterConnectMultiple (node:net:1715:7)
2026-05-14 17:25:31 [error]: AggregateError: 
    at internalConnectMultiple (node:net:1134:18)
    at afterConnectMultiple (node:net:1715:7)
2026-05-14 17:25:33 [error]: AggregateError: 
    at internalConnectMultiple (node:net:1134:18)
    at afterConnectMultiple (node:net:1715:7)
2026-05-14 17:25:35 [error]: AggregateError: 
    at internalConnectMultiple (node:net:1134:18)
    at afterConnectMultiple (node:net:1715:7)
2026-05-14 17:25:37 [error]: AggregateError: 
    at internalConnectMultiple (node:net:1134:18)
    at afterConnectMultiple (node:net:1715:7)
2026-05-14 17:25:39 [error]: AggregateError: 
    at internalConnectMultiple (node:net:1134:18)
    at afterConnectMultiple (node:net:1715:7)
2026-05-14 17:25:41 [error]: AggregateError: 
    at internalConnectMultiple (node:net:1134:18)
    at afterConnectMultiple (node:net:1715:7)
2026-05-14 17:25:43 [error]: AggregateError: 
    at internalConnectMultiple (node:net:1134:18)
    at afterConnectMultiple (node:net:1715:7)
2026-05-14 17:25:45 [error]: AggregateError: 
    at internalConnectMultiple (node:net:1134:18)
    at afterConnectMultiple (node:net:1715:7)
2026-05-14 17:25:47 [error]: AggregateError: 
    at internalConnectMultiple (node:net:1134:18)
    at afterConnectMultiple (node:net:1715:7)
2026-05-14 17:25:49 [error]: AggregateError: 
    at internalConnectMultiple (node:net:1134:18)
    at afterConnectMultiple (node:net:1715:7)
2026-05-14 17:25:52 [error]: AggregateError: 
    at internalConnectMultiple (node:net:1134:18)
    at afterConnectMultiple (node:net:1715:7)
2026-05-14 17:25:54 [error]: AggregateError: 
    at internalConnectMultiple (node:net:1134:18)
    at afterConnectMultiple (node:net:1715:7)
2026-05-14 17:25:56 [error]: AggregateError: 
    at internalConnectMultiple (node:net:1134:18)
    at afterConnectMultiple (node:net:1715:7)
2026-05-14 17:25:58 [error]: AggregateError: 
    at internalConnectMultiple (node:net:1134:18)
    at afterConnectMultiple (node:net:1715:7)
2026-05-14 17:26:00 [error]: AggregateError: 
    at internalConnectMultiple (node:net:1134:18)
    at afterConnectMultiple (node:net:1715:7)
2026-05-14 17:26:02 [error]: AggregateError: 
    at internalConnectMultiple (node:net:1134:18)
    at afterConnectMultiple (node:net:1715:7)
2026-05-14 17:26:04 [error]: AggregateError: 
    at internalConnectMultiple (node:net:1134:18)
    at afterConnectMultiple (node:net:1715:7)
2026-05-14 17:26:07 [error]: AggregateError: 
    at internalConnectMultiple (node:net:1134:18)
    at afterConnectMultiple (node:net:1715:7)
2026-05-14 17:26:09 [error]: AggregateError: 
    at internalConnectMultiple (node:net:1134:18)
    at afterConnectMultiple (node:net:1715:7)
2026-05-14 17:26:11 [error]: AggregateError: 
    at internalConnectMultiple (node:net:1134:18)
    at afterConnectMultiple (node:net:1715:7)
2026-05-14 17:26:13 [error]: AggregateError: 
    at internalConnectMultiple (node:net:1134:18)
    at afterConnectMultiple (node:net:1715:7)
2026-05-14 17:26:15 [error]: AggregateError: 
    at internalConnectMultiple (node:net:1134:18)
    at afterConnectMultiple (node:net:1715:7)
2026-05-14 17:26:17 [error]: AggregateError: 
    at internalConnectMultiple (node:net:1134:18)
    at afterConnectMultiple (node:net:1715:7)
2026-05-14 17:26:19 [error]: AggregateError: 
    at internalConnectMultiple (node:net:1134:18)
    at afterConnectMultiple (node:net:1715:7)
2026-05-14 17:26:21 [error]: AggregateError: 
    at internalConnectMultiple (node:net:1134:18)
    at afterConnectMultiple (node:net:1715:7)
2026-05-14 17:26:24 [error]: AggregateError: 
    at internalConnectMultiple (node:net:1134:18)
    at afterConnectMultiple (node:net:1715:7)
2026-05-14 17:26:26 [error]: AggregateError: 
    at internalConnectMultiple (node:net:1134:18)
    at afterConnectMultiple (node:net:1715:7)
2026-05-14 17:26:28 [error]: AggregateError: 
    at internalConnectMultiple (node:net:1134:18)
    at afterConnectMultiple (node:net:1715:7)
2026-05-14 17:26:30 [error]: AggregateError: 
    at internalConnectMultiple (node:net:1134:18)
    at afterConnectMultiple (node:net:1715:7)
2026-05-14 17:26:32 [error]: AggregateError: 
    at internalConnectMultiple (node:net:1134:18)
    at afterConnectMultiple (node:net:1715:7)
2026-05-14 17:26:34 [error]: AggregateError: 
    at internalConnectMultiple (node:net:1134:18)
    at afterConnectMultiple (node:net:1715:7)
2026-05-14 17:26:36 [error]: AggregateError: 
    at internalConnectMultiple (node:net:1134:18)
    at afterConnectMultiple (node:net:1715:7)
2026-05-14 17:26:38 [error]: AggregateError: 
    at internalConnectMultiple (node:net:1134:18)
    at afterConnectMultiple (node:net:1715:7)
2026-05-14 17:26:40 [error]: AggregateError: 
    at internalConnectMultiple (node:net:1134:18)
    at afterConnectMultiple (node:net:1715:7)
2026-05-14 17:26:42 [error]: AggregateError: 
    at internalConnectMultiple (node:net:1134:18)
    at afterConnectMultiple (node:net:1715:7)
2026-05-14 17:26:45 [error]: AggregateError: 
    at internalConnectMultiple (node:net:1134:18)
    at afterConnectMultiple (node:net:1715:7)
2026-05-14 17:26:47 [error]: AggregateError: 
    at internalConnectMultiple (node:net:1134:18)
    at afterConnectMultiple (node:net:1715:7)
2026-05-14 17:26:49 [error]: AggregateError: 
    at internalConnectMultiple (node:net:1134:18)
    at afterConnectMultiple (node:net:1715:7)
2026-05-14 17:26:51 [error]: AggregateError: 
    at internalConnectMultiple (node:net:1134:18)
    at afterConnectMultiple (node:net:1715:7)
2026-05-14 17:26:53 [error]: AggregateError: 
    at internalConnectMultiple (node:net:1134:18)
    at afterConnectMultiple (node:net:1715:7)
2026-05-14 17:26:55 [error]: AggregateError: 
    at internalConnectMultiple (node:net:1134:18)
    at afterConnectMultiple (node:net:1715:7)
2026-05-14 17:26:57 [error]: AggregateError: 
    at internalConnectMultiple (node:net:1134:18)
    at afterConnectMultiple (node:net:1715:7)
2026-05-14 17:26:59 [error]: AggregateError: 
    at internalConnectMultiple (node:net:1134:18)
    at afterConnectMultiple (node:net:1715:7)
2026-05-14 17:27:01 [error]: AggregateError: 
    at internalConnectMultiple (node:net:1134:18)
    at afterConnectMultiple (node:net:1715:7)
2026-05-14 17:27:04 [error]: AggregateError: 
    at internalConnectMultiple (node:net:1134:18)
    at afterConnectMultiple (node:net:1715:7)
2026-05-14 17:27:06 [error]: AggregateError: 
    at internalConnectMultiple (node:net:1134:18)
    at afterConnectMultiple (node:net:1715:7)
2026-05-14 17:27:08 [error]: AggregateError: 
    at internalConnectMultiple (node:net:1134:18)
    at afterConnectMultiple (node:net:1715:7)
2026-05-14 17:27:10 [error]: AggregateError: 
    at internalConnectMultiple (node:net:1134:18)
    at afterConnectMultiple (node:net:1715:7)
2026-05-14 17:27:12 [error]: AggregateError: 
    at internalConnectMultiple (node:net:1134:18)
    at afterConnectMultiple (node:net:1715:7)
2026-05-14 17:27:15 [error]: AggregateError: 
    at internalConnectMultiple (node:net:1134:18)
    at afterConnectMultiple (node:net:1715:7)
2026-05-14 17:27:17 [error]: AggregateError: 
    at internalConnectMultiple (node:net:1134:18)
    at afterConnectMultiple (node:net:1715:7)
2026-05-14 17:27:19 [error]: AggregateError: 
    at internalConnectMultiple (node:net:1134:18)
    at afterConnectMultiple (node:net:1715:7)
2026-05-14 17:27:21 [error]: AggregateError: 
    at internalConnectMultiple (node:net:1134:18)
    at afterConnectMultiple (node:net:1715:7)
2026-05-14 17:27:23 [error]: AggregateError: 
    at internalConnectMultiple (node:net:1134:18)
    at afterConnectMultiple (node:net:1715:7)
2026-05-14 17:27:25 [error]: AggregateError: 
    at internalConnectMultiple (node:net:1134:18)
    at afterConnectMultiple (node:net:1715:7)
2026-05-14 17:27:27 [error]: AggregateError: 
    at internalConnectMultiple (node:net:1134:18)
    at afterConnectMultiple (node:net:1715:7)
2026-05-14 17:27:29 [error]: AggregateError: 
    at internalConnectMultiple (node:net:1134:18)
    at afterConnectMultiple (node:net:1715:7)
2026-05-14 17:27:31 [error]: AggregateError: 
    at internalConnectMultiple (node:net:1134:18)
    at afterConnectMultiple (node:net:1715:7)
2026-05-14 17:27:33 [error]: AggregateError: 
    at internalConnectMultiple (node:net:1134:18)
    at afterConnectMultiple (node:net:1715:7)
2026-05-14 17:27:36 [error]: AggregateError: 
    at internalConnectMultiple (node:net:1134:18)
    at afterConnectMultiple (node:net:1715:7)
2026-05-14 17:27:38 [error]: AggregateError: 
    at internalConnectMultiple (node:net:1134:18)
    at afterConnectMultiple (node:net:1715:7)
2026-05-14 17:27:40 [error]: AggregateError: 
    at internalConnectMultiple (node:net:1134:18)
    at afterConnectMultiple (node:net:1715:7)
2026-05-14 17:27:42 [error]: AggregateError: 
    at internalConnectMultiple (node:net:1134:18)
    at afterConnectMultiple (node:net:1715:7)
2026-05-14 17:27:44 [error]: AggregateError: 
    at internalConnectMultiple (node:net:1134:18)
    at afterConnectMultiple (node:net:1715:7)
2026-05-14 17:27:46 [error]: AggregateError: 
    at internalConnectMultiple (node:net:1134:18)
    at afterConnectMultiple (node:net:1715:7)
2026-05-14 17:27:48 [error]: AggregateError: 
    at internalConnectMultiple (node:net:1134:18)
    at afterConnectMultiple (node:net:1715:7)
2026-05-14 17:27:50 [error]: AggregateError: 
    at internalConnectMultiple (node:net:1134:18)
    at afterConnectMultiple (node:net:1715:7)
2026-05-14 17:27:52 [error]: AggregateError: 
    at internalConnectMultiple (node:net:1134:18)
    at afterConnectMultiple (node:net:1715:7)
2026-05-14 17:27:55 [error]: AggregateError: 
    at internalConnectMultiple (node:net:1134:18)
    at afterConnectMultiple (node:net:1715:7)
2026-05-14 17:27:57 [error]: AggregateError: 
    at internalConnectMultiple (node:net:1134:18)
    at afterConnectMultiple (node:net:1715:7)
2026-05-14 17:27:59 [error]: AggregateError: 
    at internalConnectMultiple (node:net:1134:18)
    at afterConnectMultiple (node:net:1715:7)
2026-05-14 17:28:01 [error]: AggregateError: 
    at internalConnectMultiple (node:net:1134:18)
    at afterConnectMultiple (node:net:1715:7)
2026-05-14 17:28:03 [error]: AggregateError: 
    at internalConnectMultiple (node:net:1134:18)
    at afterConnectMultiple (node:net:1715:7)
2026-05-14 17:28:05 [error]: AggregateError: 
    at internalConnectMultiple (node:net:1134:18)
    at afterConnectMultiple (node:net:1715:7)
2026-05-14 17:28:07 [error]: AggregateError: 
    at internalConnectMultiple (node:net:1134:18)
    at afterConnectMultiple (node:net:1715:7)
2026-05-14 17:28:09 [error]: AggregateError: 
    at internalConnectMultiple (node:net:1134:18)
    at afterConnectMultiple (node:net:1715:7)
2026-05-14 17:28:11 [error]: AggregateError: 
    at internalConnectMultiple (node:net:1134:18)
    at afterConnectMultiple (node:net:1715:7)
2026-05-14 17:28:13 [error]: AggregateError: 
    at internalConnectMultiple (node:net:1134:18)
    at afterConnectMultiple (node:net:1715:7)
2026-05-14 17:28:16 [error]: AggregateError: 
    at internalConnectMultiple (node:net:1134:18)
    at afterConnectMultiple (node:net:1715:7)
2026-05-14 17:28:18 [error]: AggregateError: 
    at internalConnectMultiple (node:net:1134:18)
    at afterConnectMultiple (node:net:1715:7)
2026-05-14 17:28:20 [error]: AggregateError: 
    at internalConnectMultiple (node:net:1134:18)
    at afterConnectMultiple (node:net:1715:7)
2026-05-14 17:28:22 [error]: AggregateError: 
    at internalConnectMultiple (node:net:1134:18)
    at afterConnectMultiple (node:net:1715:7)
2026-05-14 17:28:24 [error]: AggregateError: 
    at internalConnectMultiple (node:net:1134:18)
    at afterConnectMultiple (node:net:1715:7)
2026-05-14 17:28:26 [error]: AggregateError: 
    at internalConnectMultiple (node:net:1134:18)
    at afterConnectMultiple (node:net:1715:7)
2026-05-14 17:28:28 [error]: AggregateError: 
    at internalConnectMultiple (node:net:1134:18)
    at afterConnectMultiple (node:net:1715:7)
2026-05-14 17:28:31 [error]: AggregateError: 
    at internalConnectMultiple (node:net:1134:18)
    at afterConnectMultiple (node:net:1715:7)
2026-05-14 17:28:33 [error]: AggregateError: 
    at internalConnectMultiple (node:net:1134:18)
    at afterConnectMultiple (node:net:1715:7)
2026-05-14 17:28:35 [error]: AggregateError: 
    at internalConnectMultiple (node:net:1134:18)
    at afterConnectMultiple (node:net:1715:7)
2026-05-14 17:28:37 [error]: AggregateError: 
    at internalConnectMultiple (node:net:1134:18)
    at afterConnectMultiple (node:net:1715:7)
2026-05-14 17:28:39 [error]: AggregateError: 
    at internalConnectMultiple (node:net:1134:18)
    at afterConnectMultiple (node:net:1715:7)
2026-05-14 17:28:41 [error]: AggregateError: 
    at internalConnectMultiple (node:net:1134:18)
    at afterConnectMultiple (node:net:1715:7)
2026-05-14 17:28:43 [error]: AggregateError: 
    at internalConnectMultiple (node:net:1134:18)
    at afterConnectMultiple (node:net:1715:7)
2026-05-14 17:28:45 [error]: AggregateError: 
    at internalConnectMultiple (node:net:1134:18)
    at afterConnectMultiple (node:net:1715:7)
2026-05-14 17:28:48 [error]: AggregateError: 
    at internalConnectMultiple (node:net:1134:18)
    at afterConnectMultiple (node:net:1715:7)
2026-05-14 17:28:50 [error]: AggregateError: 
    at internalConnectMultiple (node:net:1134:18)
    at afterConnectMultiple (node:net:1715:7)
2026-05-14 17:28:52 [error]: AggregateError: 
    at internalConnectMultiple (node:net:1134:18)
    at afterConnectMultiple (node:net:1715:7)
2026-05-14 17:28:54 [error]: AggregateError: 
    at internalConnectMultiple (node:net:1134:18)
    at afterConnectMultiple (node:net:1715:7)
2026-05-14 17:28:56 [error]: AggregateError: 
    at internalConnectMultiple (node:net:1134:18)
    at afterConnectMultiple (node:net:1715:7)
2026-05-14 17:28:58 [error]: AggregateError: 
    at internalConnectMultiple (node:net:1134:18)
    at afterConnectMultiple (node:net:1715:7)
2026-05-14 17:29:00 [error]: AggregateError: 
    at internalConnectMultiple (node:net:1134:18)
    at afterConnectMultiple (node:net:1715:7)
2026-05-14 17:29:02 [error]: AggregateError: 
    at internalConnectMultiple (node:net:1134:18)
    at afterConnectMultiple (node:net:1715:7)
2026-05-14 17:29:04 [error]: AggregateError: 
    at internalConnectMultiple (node:net:1134:18)
    at afterConnectMultiple (node:net:1715:7)
2026-05-14 17:29:06 [error]: AggregateError: 
    at internalConnectMultiple (node:net:1134:18)
    at afterConnectMultiple (node:net:1715:7)
2026-05-14 17:29:09 [error]: AggregateError: 
    at internalConnectMultiple (node:net:1134:18)
    at afterConnectMultiple (node:net:1715:7)
2026-05-14 17:29:11 [error]: AggregateError: 
    at internalConnectMultiple (node:net:1134:18)
    at afterConnectMultiple (node:net:1715:7)
2026-05-14 17:29:13 [error]: AggregateError: 
    at internalConnectMultiple (node:net:1134:18)
    at afterConnectMultiple (node:net:1715:7)
2026-05-14 17:29:15 [error]: AggregateError: 
    at internalConnectMultiple (node:net:1134:18)
    at afterConnectMultiple (node:net:1715:7)
2026-05-14 17:29:17 [error]: AggregateError: 
    at internalConnectMultiple (node:net:1134:18)
    at afterConnectMultiple (node:net:1715:7)
2026-05-14 17:29:19 [error]: AggregateError: 
    at internalConnectMultiple (node:net:1134:18)
    at afterConnectMultiple (node:net:1715:7)
2026-05-14 17:29:21 [error]: AggregateError: 
    at internalConnectMultiple (node:net:1134:18)
    at afterConnectMultiple (node:net:1715:7)
2026-05-14 17:29:23 [error]: AggregateError: 
    at internalConnectMultiple (node:net:1134:18)
    at afterConnectMultiple (node:net:1715:7)
2026-05-14 17:29:25 [error]: AggregateError: 
    at internalConnectMultiple (node:net:1134:18)
    at afterConnectMultiple (node:net:1715:7)
2026-05-14 17:29:28 [error]: AggregateError: 
    at internalConnectMultiple (node:net:1134:18)
    at afterConnectMultiple (node:net:1715:7)
2026-05-14 17:29:30 [error]: AggregateError: 
    at internalConnectMultiple (node:net:1134:18)
    at afterConnectMultiple (node:net:1715:7)
2026-05-14 17:29:32 [error]: AggregateError: 
    at internalConnectMultiple (node:net:1134:18)
    at afterConnectMultiple (node:net:1715:7)
2026-05-14 17:29:34 [error]: AggregateError: 
    at internalConnectMultiple (node:net:1134:18)
    at afterConnectMultiple (node:net:1715:7)
2026-05-14 17:29:36 [error]: AggregateError: 
    at internalConnectMultiple (node:net:1134:18)
    at afterConnectMultiple (node:net:1715:7)
2026-05-14 17:29:38 [error]: AggregateError: 
    at internalConnectMultiple (node:net:1134:18)
    at afterConnectMultiple (node:net:1715:7)
2026-05-14 17:29:40 [error]: AggregateError: 
    at internalConnectMultiple (node:net:1134:18)
    at afterConnectMultiple (node:net:1715:7)
2026-05-14 17:29:42 [error]: AggregateError: 
    at internalConnectMultiple (node:net:1134:18)
    at afterConnectMultiple (node:net:1715:7)
2026-05-14 17:29:45 [error]: AggregateError: 
    at internalConnectMultiple (node:net:1134:18)
    at afterConnectMultiple (node:net:1715:7)
2026-05-14 17:29:47 [error]: AggregateError: 
    at internalConnectMultiple (node:net:1134:18)
    at afterConnectMultiple (node:net:1715:7)
2026-05-14 17:29:49 [error]: AggregateError: 
    at internalConnectMultiple (node:net:1134:18)
    at afterConnectMultiple (node:net:1715:7)
2026-05-14 17:29:51 [error]: AggregateError: 
    at internalConnectMultiple (node:net:1134:18)
    at afterConnectMultiple (node:net:1715:7)
2026-05-14 17:29:53 [error]: AggregateError: 
    at internalConnectMultiple (node:net:1134:18)
    at afterConnectMultiple (node:net:1715:7)
2026-05-14 17:29:55 [error]: AggregateError: 
    at internalConnectMultiple (node:net:1134:18)
    at afterConnectMultiple (node:net:1715:7)
2026-05-14 17:29:57 [error]: AggregateError: 
    at internalConnectMultiple (node:net:1134:18)
    at afterConnectMultiple (node:net:1715:7)
2026-05-14 17:29:59 [error]: AggregateError: 
    at internalConnectMultiple (node:net:1134:18)
    at afterConnectMultiple (node:net:1715:7)
2026-05-14 17:30:01 [error]: AggregateError: 
    at internalConnectMultiple (node:net:1134:18)
    at afterConnectMultiple (node:net:1715:7)
2026-05-14 17:30:03 [error]: AggregateError: 
    at internalConnectMultiple (node:net:1134:18)
    at afterConnectMultiple (node:net:1715:7)
2026-05-14 17:30:06 [error]: AggregateError: 
    at internalConnectMultiple (node:net:1134:18)
    at afterConnectMultiple (node:net:1715:7)
2026-05-14 17:30:08 [error]: AggregateError: 
    at internalConnectMultiple (node:net:1134:18)
    at afterConnectMultiple (node:net:1715:7)
2026-05-14 17:30:10 [error]: AggregateError: 
    at internalConnectMultiple (node:net:1134:18)
    at afterConnectMultiple (node:net:1715:7)
2026-05-14 17:30:12 [error]: AggregateError: 
    at internalConnectMultiple (node:net:1134:18)
    at afterConnectMultiple (node:net:1715:7)
2026-05-14 17:30:14 [error]: AggregateError: 
    at internalConnectMultiple (node:net:1134:18)
    at afterConnectMultiple (node:net:1715:7)
2026-05-14 17:30:16 [error]: AggregateError: 
    at internalConnectMultiple (node:net:1134:18)
    at afterConnectMultiple (node:net:1715:7)
2026-05-14 17:30:18 [error]: AggregateError: 
    at internalConnectMultiple (node:net:1134:18)
    at afterConnectMultiple (node:net:1715:7)
2026-05-14 17:30:20 [error]: AggregateError: 
    at internalConnectMultiple (node:net:1134:18)
    at afterConnectMultiple (node:net:1715:7)
2026-05-14 17:30:22 [error]: AggregateError: 
    at internalConnectMultiple (node:net:1134:18)
    at afterConnectMultiple (node:net:1715:7)
2026-05-14 17:30:24 [error]: AggregateError: 
    at internalConnectMultiple (node:net:1134:18)
    at afterConnectMultiple (node:net:1715:7)
2026-05-14 17:30:27 [error]: AggregateError: 
    at internalConnectMultiple (node:net:1134:18)
    at afterConnectMultiple (node:net:1715:7)
2026-05-14 17:30:29 [error]: AggregateError: 
    at internalConnectMultiple (node:net:1134:18)
    at afterConnectMultiple (node:net:1715:7)
2026-05-14 17:30:31 [error]: AggregateError: 
    at internalConnectMultiple (node:net:1134:18)
    at afterConnectMultiple (node:net:1715:7)
2026-05-14 17:30:33 [error]: AggregateError: 
    at internalConnectMultiple (node:net:1134:18)
    at afterConnectMultiple (node:net:1715:7)
2026-05-14 17:30:35 [error]: AggregateError: 
    at internalConnectMultiple (node:net:1134:18)
    at afterConnectMultiple (node:net:1715:7)
2026-05-14 17:30:37 [error]: AggregateError: 
    at internalConnectMultiple (node:net:1134:18)
    at afterConnectMultiple (node:net:1715:7)
2026-05-14 17:30:39 [error]: AggregateError: 
    at internalConnectMultiple (node:net:1134:18)
    at afterConnectMultiple (node:net:1715:7)
2026-05-14 17:30:41 [error]: AggregateError: 
    at internalConnectMultiple (node:net:1134:18)
    at afterConnectMultiple (node:net:1715:7)
2026-05-14 17:30:43 [error]: AggregateError: 
    at internalConnectMultiple (node:net:1134:18)
    at afterConnectMultiple (node:net:1715:7)
2026-05-14 17:30:46 [error]: AggregateError: 
    at internalConnectMultiple (node:net:1134:18)
    at afterConnectMultiple (node:net:1715:7)
2026-05-14 17:30:48 [error]: AggregateError: 
    at internalConnectMultiple (node:net:1134:18)
    at afterConnectMultiple (node:net:1715:7)
2026-05-14 17:30:50 [error]: AggregateError: 
    at internalConnectMultiple (node:net:1134:18)
    at afterConnectMultiple (node:net:1715:7)
2026-05-14 17:30:52 [error]: AggregateError: 
    at internalConnectMultiple (node:net:1134:18)
    at afterConnectMultiple (node:net:1715:7)
2026-05-14 17:30:54 [error]: AggregateError: 
    at internalConnectMultiple (node:net:1134:18)
    at afterConnectMultiple (node:net:1715:7)
2026-05-14 17:30:56 [error]: AggregateError: 
    at internalConnectMultiple (node:net:1134:18)
    at afterConnectMultiple (node:net:1715:7)
2026-05-14 17:30:58 [error]: AggregateError: 
    at internalConnectMultiple (node:net:1134:18)
    at afterConnectMultiple (node:net:1715:7)
2026-05-14 17:31:00 [error]: AggregateError: 
    at internalConnectMultiple (node:net:1134:18)
    at afterConnectMultiple (node:net:1715:7)
2026-05-14 17:31:02 [error]: AggregateError: 
    at internalConnectMultiple (node:net:1134:18)
    at afterConnectMultiple (node:net:1715:7)
2026-05-14 17:31:05 [error]: AggregateError: 
    at internalConnectMultiple (node:net:1134:18)
    at afterConnectMultiple (node:net:1715:7)
2026-05-14 17:31:07 [error]: AggregateError: 
    at internalConnectMultiple (node:net:1134:18)
    at afterConnectMultiple (node:net:1715:7)
2026-05-14 17:31:09 [error]: AggregateError: 
    at internalConnectMultiple (node:net:1134:18)
    at afterConnectMultiple (node:net:1715:7)
2026-05-14 17:31:11 [error]: AggregateError: 
    at internalConnectMultiple (node:net:1134:18)
    at afterConnectMultiple (node:net:1715:7)
2026-05-14 17:31:13 [error]: AggregateError: 
    at internalConnectMultiple (node:net:1134:18)
    at afterConnectMultiple (node:net:1715:7)
2026-05-14 17:31:15 [error]: AggregateError: 
    at internalConnectMultiple (node:net:1134:18)
    at afterConnectMultiple (node:net:1715:7)
2026-05-14 17:31:17 [error]: AggregateError: 
    at internalConnectMultiple (node:net:1134:18)
    at afterConnectMultiple (node:net:1715:7)
2026-05-14 17:31:19 [error]: AggregateError: 
    at internalConnectMultiple (node:net:1134:18)
    at afterConnectMultiple (node:net:1715:7)
2026-05-14 17:31:22 [error]: AggregateError: 
    at internalConnectMultiple (node:net:1134:18)
    at afterConnectMultiple (node:net:1715:7)
2026-05-14 17:31:24 [error]: AggregateError: 
    at internalConnectMultiple (node:net:1134:18)
    at afterConnectMultiple (node:net:1715:7)
2026-05-14 17:31:26 [error]: AggregateError: 
    at internalConnectMultiple (node:net:1134:18)
    at afterConnectMultiple (node:net:1715:7)
2026-05-14 17:31:28 [error]: AggregateError: 
    at internalConnectMultiple (node:net:1134:18)
    at afterConnectMultiple (node:net:1715:7)
2026-05-14 17:31:30 [error]: AggregateError: 
    at internalConnectMultiple (node:net:1134:18)
    at afterConnectMultiple (node:net:1715:7)
2026-05-14 17:31:32 [error]: AggregateError: 
    at internalConnectMultiple (node:net:1134:18)
    at afterConnectMultiple (node:net:1715:7)
2026-05-14 17:31:34 [error]: AggregateError: 
    at internalConnectMultiple (node:net:1134:18)
    at afterConnectMultiple (node:net:1715:7)
2026-05-14 17:31:36 [error]: AggregateError: 
    at internalConnectMultiple (node:net:1134:18)
    at afterConnectMultiple (node:net:1715:7)
2026-05-14 17:31:39 [error]: AggregateError: 
    at internalConnectMultiple (node:net:1134:18)
    at afterConnectMultiple (node:net:1715:7)
2026-05-14 17:31:41 [error]: AggregateError: 
    at internalConnectMultiple (node:net:1134:18)
    at afterConnectMultiple (node:net:1715:7)
2026-05-14 17:31:43 [error]: AggregateError: 
    at internalConnectMultiple (node:net:1134:18)
    at afterConnectMultiple (node:net:1715:7)
2026-05-14 17:31:45 [error]: AggregateError: 
    at internalConnectMultiple (node:net:1134:18)
    at afterConnectMultiple (node:net:1715:7)
2026-05-14 17:31:47 [error]: AggregateError: 
    at internalConnectMultiple (node:net:1134:18)
    at afterConnectMultiple (node:net:1715:7)
2026-05-14 17:31:49 [error]: AggregateError: 
    at internalConnectMultiple (node:net:1134:18)
    at afterConnectMultiple (node:net:1715:7)
2026-05-14 17:31:51 [error]: AggregateError: 
    at internalConnectMultiple (node:net:1134:18)
    at afterConnectMultiple (node:net:1715:7)
2026-05-14 17:31:53 [error]: AggregateError: 
    at internalConnectMultiple (node:net:1134:18)
    at afterConnectMultiple (node:net:1715:7)
2026-05-14 17:31:55 [error]: AggregateError: 
    at internalConnectMultiple (node:net:1134:18)
    at afterConnectMultiple (node:net:1715:7)
2026-05-14 17:31:57 [error]: AggregateError: 
    at internalConnectMultiple (node:net:1134:18)
    at afterConnectMultiple (node:net:1715:7)
2026-05-14 17:31:59 [error]: AggregateError: 
    at internalConnectMultiple (node:net:1134:18)
    at afterConnectMultiple (node:net:1715:7)
2026-05-14 17:32:02 [error]: AggregateError: 
    at internalConnectMultiple (node:net:1134:18)
    at afterConnectMultiple (node:net:1715:7)
2026-05-14 17:32:04 [error]: AggregateError: 
    at internalConnectMultiple (node:net:1134:18)
    at afterConnectMultiple (node:net:1715:7)
2026-05-14 17:32:06 [error]: AggregateError: 
    at internalConnectMultiple (node:net:1134:18)
    at afterConnectMultiple (node:net:1715:7)
2026-05-14 17:32:08 [error]: AggregateError: 
    at internalConnectMultiple (node:net:1134:18)
    at afterConnectMultiple (node:net:1715:7)
2026-05-14 17:32:10 [error]: AggregateError: 
    at internalConnectMultiple (node:net:1134:18)
    at afterConnectMultiple (node:net:1715:7)
2026-05-14 17:32:12 [error]: AggregateError: 
    at internalConnectMultiple (node:net:1134:18)
    at afterConnectMultiple (node:net:1715:7)
2026-05-14 17:32:14 [error]: AggregateError: 
    at internalConnectMultiple (node:net:1134:18)
    at afterConnectMultiple (node:net:1715:7)
2026-05-14 17:32:16 [error]: AggregateError: 
    at internalConnectMultiple (node:net:1134:18)
    at afterConnectMultiple (node:net:1715:7)
2026-05-14 17:32:18 [error]: AggregateError: 
    at internalConnectMultiple (node:net:1134:18)
    at afterConnectMultiple (node:net:1715:7)
2026-05-14 17:32:21 [error]: AggregateError: 
    at internalConnectMultiple (node:net:1134:18)
    at afterConnectMultiple (node:net:1715:7)
2026-05-14 17:32:23 [error]: AggregateError: 
    at internalConnectMultiple (node:net:1134:18)
    at afterConnectMultiple (node:net:1715:7)
2026-05-14 17:32:25 [error]: AggregateError: 
    at internalConnectMultiple (node:net:1134:18)
    at afterConnectMultiple (node:net:1715:7)
2026-05-14 17:32:27 [error]: AggregateError: 
    at internalConnectMultiple (node:net:1134:18)
    at afterConnectMultiple (node:net:1715:7)
2026-05-14 17:32:29 [error]: AggregateError: 
    at internalConnectMultiple (node:net:1134:18)
    at afterConnectMultiple (node:net:1715:7)
2026-05-14 17:32:31 [error]: AggregateError: 
    at internalConnectMultiple (node:net:1134:18)
    at afterConnectMultiple (node:net:1715:7)
2026-05-14 17:32:34 [error]: AggregateError: 
    at internalConnectMultiple (node:net:1134:18)
    at afterConnectMultiple (node:net:1715:7)
2026-05-14 17:32:36 [error]: AggregateError: 
    at internalConnectMultiple (node:net:1134:18)
    at afterConnectMultiple (node:net:1715:7)
2026-05-14 17:32:38 [error]: AggregateError: 
    at internalConnectMultiple (node:net:1134:18)
    at afterConnectMultiple (node:net:1715:7)
2026-05-14 17:32:40 [error]: AggregateError: 
    at internalConnectMultiple (node:net:1134:18)
    at afterConnectMultiple (node:net:1715:7)
2026-05-14 17:32:42 [error]: AggregateError: 
    at internalConnectMultiple (node:net:1134:18)
    at afterConnectMultiple (node:net:1715:7)
2026-05-14 17:32:44 [error]: AggregateError: 
    at internalConnectMultiple (node:net:1134:18)
    at afterConnectMultiple (node:net:1715:7)
2026-05-14 17:32:46 [error]: AggregateError: 
    at internalConnectMultiple (node:net:1134:18)
    at afterConnectMultiple (node:net:1715:7)
2026-05-14 17:32:48 [error]: AggregateError: 
    at internalConnectMultiple (node:net:1134:18)
    at afterConnectMultiple (node:net:1715:7)
2026-05-14 17:32:50 [error]: AggregateError: 
    at internalConnectMultiple (node:net:1134:18)
    at afterConnectMultiple (node:net:1715:7)
2026-05-14 17:32:53 [error]: AggregateError: 
    at internalConnectMultiple (node:net:1134:18)
    at afterConnectMultiple (node:net:1715:7)
2026-05-14 17:32:55 [error]: AggregateError: 
    at internalConnectMultiple (node:net:1134:18)
    at afterConnectMultiple (node:net:1715:7)
2026-05-14 17:32:57 [error]: AggregateError: 
    at internalConnectMultiple (node:net:1134:18)
    at afterConnectMultiple (node:net:1715:7)
2026-05-14 17:32:59 [error]: AggregateError: 
    at internalConnectMultiple (node:net:1134:18)
    at afterConnectMultiple (node:net:1715:7)
2026-05-14 17:33:01 [error]: AggregateError: 
    at internalConnectMultiple (node:net:1134:18)
    at afterConnectMultiple (node:net:1715:7)
2026-05-14 17:33:03 [error]: AggregateError: 
    at internalConnectMultiple (node:net:1134:18)
    at afterConnectMultiple (node:net:1715:7)
2026-05-14 17:33:05 [error]: AggregateError: 
    at internalConnectMultiple (node:net:1134:18)
    at afterConnectMultiple (node:net:1715:7)
2026-05-14 17:33:07 [error]: AggregateError: 
    at internalConnectMultiple (node:net:1134:18)
    at afterConnectMultiple (node:net:1715:7)
2026-05-14 17:33:09 [error]: AggregateError: 
    at internalConnectMultiple (node:net:1134:18)
    at afterConnectMultiple (node:net:1715:7)
2026-05-14 17:33:11 [error]: AggregateError: 
    at internalConnectMultiple (node:net:1134:18)
    at afterConnectMultiple (node:net:1715:7)
2026-05-14 17:33:14 [error]: AggregateError: 
    at internalConnectMultiple (node:net:1134:18)
    at afterConnectMultiple (node:net:1715:7)
2026-05-14 17:33:16 [error]: AggregateError: 
    at internalConnectMultiple (node:net:1134:18)
    at afterConnectMultiple (node:net:1715:7)
2026-05-14 17:33:18 [error]: AggregateError: 
    at internalConnectMultiple (node:net:1134:18)
    at afterConnectMultiple (node:net:1715:7)
2026-05-14 17:33:20 [error]: AggregateError: 
    at internalConnectMultiple (node:net:1134:18)
    at afterConnectMultiple (node:net:1715:7)
2026-05-14 17:33:22 [error]: AggregateError: 
    at internalConnectMultiple (node:net:1134:18)
    at afterConnectMultiple (node:net:1715:7)
2026-05-14 17:33:24 [error]: AggregateError: 
    at internalConnectMultiple (node:net:1134:18)
    at afterConnectMultiple (node:net:1715:7)
2026-05-14 17:33:26 [error]: AggregateError: 
    at internalConnectMultiple (node:net:1134:18)
    at afterConnectMultiple (node:net:1715:7)
2026-05-14 17:33:28 [error]: AggregateError: 
    at internalConnectMultiple (node:net:1134:18)
    at afterConnectMultiple (node:net:1715:7)
2026-05-14 17:33:31 [error]: AggregateError: 
    at internalConnectMultiple (node:net:1134:18)
    at afterConnectMultiple (node:net:1715:7)
2026-05-14 17:33:33 [error]: AggregateError: 
    at internalConnectMultiple (node:net:1134:18)
    at afterConnectMultiple (node:net:1715:7)
2026-05-14 17:33:35 [error]: AggregateError: 
    at internalConnectMultiple (node:net:1134:18)
    at afterConnectMultiple (node:net:1715:7)
2026-05-14 17:33:37 [error]: AggregateError: 
    at internalConnectMultiple (node:net:1134:18)
    at afterConnectMultiple (node:net:1715:7)
2026-05-14 17:33:39 [error]: AggregateError: 
    at internalConnectMultiple (node:net:1134:18)
    at afterConnectMultiple (node:net:1715:7)
2026-05-14 17:33:41 [error]: AggregateError: 
    at internalConnectMultiple (node:net:1134:18)
    at afterConnectMultiple (node:net:1715:7)
2026-05-14 17:33:44 [error]: AggregateError: 
    at internalConnectMultiple (node:net:1134:18)
    at afterConnectMultiple (node:net:1715:7)
2026-05-14 17:33:46 [error]: AggregateError: 
    at internalConnectMultiple (node:net:1134:18)
    at afterConnectMultiple (node:net:1715:7)
2026-05-14 17:33:48 [error]: AggregateError: 
    at internalConnectMultiple (node:net:1134:18)
    at afterConnectMultiple (node:net:1715:7)
2026-05-14 17:33:50 [error]: AggregateError: 
    at internalConnectMultiple (node:net:1134:18)
    at afterConnectMultiple (node:net:1715:7)
2026-05-14 17:33:52 [error]: AggregateError: 
    at internalConnectMultiple (node:net:1134:18)
    at afterConnectMultiple (node:net:1715:7)
2026-05-14 17:33:54 [error]: AggregateError: 
    at internalConnectMultiple (node:net:1134:18)
    at afterConnectMultiple (node:net:1715:7)
2026-05-14 17:33:56 [error]: AggregateError: 
    at internalConnectMultiple (node:net:1134:18)
    at afterConnectMultiple (node:net:1715:7)
2026-05-14 17:33:58 [error]: AggregateError: 
    at internalConnectMultiple (node:net:1134:18)
    at afterConnectMultiple (node:net:1715:7)
2026-05-14 17:34:00 [error]: AggregateError: 
    at internalConnectMultiple (node:net:1134:18)
    at afterConnectMultiple (node:net:1715:7)
2026-05-14 17:34:03 [error]: AggregateError: 
    at internalConnectMultiple (node:net:1134:18)
    at afterConnectMultiple (node:net:1715:7)
2026-05-14 17:34:05 [error]: AggregateError: 
    at internalConnectMultiple (node:net:1134:18)
    at afterConnectMultiple (node:net:1715:7)
2026-05-14 17:34:07 [error]: AggregateError: 
    at internalConnectMultiple (node:net:1134:18)
    at afterConnectMultiple (node:net:1715:7)
2026-05-14 17:34:09 [error]: AggregateError: 
    at internalConnectMultiple (node:net:1134:18)
    at afterConnectMultiple (node:net:1715:7)
2026-05-14 17:34:11 [error]: AggregateError: 
    at internalConnectMultiple (node:net:1134:18)
    at afterConnectMultiple (node:net:1715:7)
2026-05-14 17:34:13 [error]: AggregateError: 
    at internalConnectMultiple (node:net:1134:18)
    at afterConnectMultiple (node:net:1715:7)
2026-05-14 17:34:15 [error]: AggregateError: 
    at internalConnectMultiple (node:net:1134:18)
    at afterConnectMultiple (node:net:1715:7)
2026-05-14 17:34:17 [error]: AggregateError: 
    at internalConnectMultiple (node:net:1134:18)
    at afterConnectMultiple (node:net:1715:7)
2026-05-14 17:34:19 [error]: AggregateError: 
    at internalConnectMultiple (node:net:1134:18)
    at afterConnectMultiple (node:net:1715:7)
2026-05-14 17:34:21 [error]: AggregateError: 
    at internalConnectMultiple (node:net:1134:18)
    at afterConnectMultiple (node:net:1715:7)
2026-05-14 17:34:24 [error]: AggregateError: 
    at internalConnectMultiple (node:net:1134:18)
    at afterConnectMultiple (node:net:1715:7)
2026-05-14 17:34:26 [error]: AggregateError: 
    at internalConnectMultiple (node:net:1134:18)
    at afterConnectMultiple (node:net:1715:7)
2026-05-14 17:34:28 [error]: AggregateError: 
    at internalConnectMultiple (node:net:1134:18)
    at afterConnectMultiple (node:net:1715:7)
2026-05-14 17:34:30 [error]: AggregateError: 
    at internalConnectMultiple (node:net:1134:18)
    at afterConnectMultiple (node:net:1715:7)
2026-05-14 17:34:32 [error]: AggregateError: 
    at internalConnectMultiple (node:net:1134:18)
    at afterConnectMultiple (node:net:1715:7)
2026-05-14 17:34:34 [error]: AggregateError: 
    at internalConnectMultiple (node:net:1134:18)
    at afterConnectMultiple (node:net:1715:7)
2026-05-14 17:34:36 [error]: AggregateError: 
    at internalConnectMultiple (node:net:1134:18)
    at afterConnectMultiple (node:net:1715:7)
2026-05-14 17:34:38 [error]: AggregateError: 
    at internalConnectMultiple (node:net:1134:18)
    at afterConnectMultiple (node:net:1715:7)
2026-05-14 17:34:40 [error]: AggregateError: 
    at internalConnectMultiple (node:net:1134:18)
    at afterConnectMultiple (node:net:1715:7)
2026-05-14 17:34:42 [error]: AggregateError: 
    at internalConnectMultiple (node:net:1134:18)
    at afterConnectMultiple (node:net:1715:7)
2026-05-14 17:34:45 [error]: AggregateError: 
    at internalConnectMultiple (node:net:1134:18)
    at afterConnectMultiple (node:net:1715:7)
2026-05-14 17:34:47 [error]: AggregateError: 
    at internalConnectMultiple (node:net:1134:18)
    at afterConnectMultiple (node:net:1715:7)
2026-05-14 17:34:49 [error]: AggregateError: 
    at internalConnectMultiple (node:net:1134:18)
    at afterConnectMultiple (node:net:1715:7)
2026-05-14 17:34:51 [error]: AggregateError: 
    at internalConnectMultiple (node:net:1134:18)
    at afterConnectMultiple (node:net:1715:7)
2026-05-14 17:34:53 [error]: AggregateError: 
    at internalConnectMultiple (node:net:1134:18)
    at afterConnectMultiple (node:net:1715:7)
2026-05-14 17:34:55 [error]: AggregateError: 
    at internalConnectMultiple (node:net:1134:18)
    at afterConnectMultiple (node:net:1715:7)
2026-05-14 17:34:57 [error]: AggregateError: 
    at internalConnectMultiple (node:net:1134:18)
    at afterConnectMultiple (node:net:1715:7)
2026-05-14 17:34:59 [error]: AggregateError: 
    at internalConnectMultiple (node:net:1134:18)
    at afterConnectMultiple (node:net:1715:7)
2026-05-14 17:35:01 [error]: AggregateError: 
    at internalConnectMultiple (node:net:1134:18)
    at afterConnectMultiple (node:net:1715:7)
2026-05-14 17:35:03 [error]: AggregateError: 
    at internalConnectMultiple (node:net:1134:18)
    at afterConnectMultiple (node:net:1715:7)
2026-05-14 17:35:05 [error]: AggregateError: 
    at internalConnectMultiple (node:net:1134:18)
    at afterConnectMultiple (node:net:1715:7)
2026-05-14 17:35:07 [error]: AggregateError: 
    at internalConnectMultiple (node:net:1134:18)
    at afterConnectMultiple (node:net:1715:7)
2026-05-14 17:35:10 [error]: AggregateError: 
    at internalConnectMultiple (node:net:1134:18)
    at afterConnectMultiple (node:net:1715:7)
2026-05-14 17:35:12 [error]: AggregateError: 
    at internalConnectMultiple (node:net:1134:18)
    at afterConnectMultiple (node:net:1715:7)
2026-05-14 17:35:14 [error]: AggregateError: 
    at internalConnectMultiple (node:net:1134:18)
    at afterConnectMultiple (node:net:1715:7)
2026-05-14 17:35:16 [error]: AggregateError: 
    at internalConnectMultiple (node:net:1134:18)
    at afterConnectMultiple (node:net:1715:7)
2026-05-14 17:35:18 [error]: AggregateError: 
    at internalConnectMultiple (node:net:1134:18)
    at afterConnectMultiple (node:net:1715:7)
2026-05-14 17:35:20 [error]: AggregateError: 
    at internalConnectMultiple (node:net:1134:18)
    at afterConnectMultiple (node:net:1715:7)
2026-05-14 17:35:22 [error]: AggregateError: 
    at internalConnectMultiple (node:net:1134:18)
    at afterConnectMultiple (node:net:1715:7)
2026-05-14 17:35:25 [error]: AggregateError: 
    at internalConnectMultiple (node:net:1134:18)
    at afterConnectMultiple (node:net:1715:7)
2026-05-14 17:35:27 [error]: AggregateError: 
    at internalConnectMultiple (node:net:1134:18)
    at afterConnectMultiple (node:net:1715:7)
2026-05-14 17:35:29 [error]: AggregateError: 
    at internalConnectMultiple (node:net:1134:18)
    at afterConnectMultiple (node:net:1715:7)
2026-05-14 17:35:31 [error]: AggregateError: 
    at internalConnectMultiple (node:net:1134:18)
    at afterConnectMultiple (node:net:1715:7)
2026-05-14 17:35:33 [error]: AggregateError: 
    at internalConnectMultiple (node:net:1134:18)
    at afterConnectMultiple (node:net:1715:7)
2026-05-14 17:35:35 [error]: AggregateError: 
    at internalConnectMultiple (node:net:1134:18)
    at afterConnectMultiple (node:net:1715:7)
2026-05-14 17:35:37 [error]: AggregateError: 
    at internalConnectMultiple (node:net:1134:18)
    at afterConnectMultiple (node:net:1715:7)
2026-05-14 17:35:40 [error]: AggregateError: 
    at internalConnectMultiple (node:net:1134:18)
    at afterConnectMultiple (node:net:1715:7)
2026-05-14 17:35:42 [error]: AggregateError: 
    at internalConnectMultiple (node:net:1134:18)
    at afterConnectMultiple (node:net:1715:7)
2026-05-14 17:35:44 [error]: AggregateError: 
    at internalConnectMultiple (node:net:1134:18)
    at afterConnectMultiple (node:net:1715:7)
2026-05-14 17:35:46 [error]: AggregateError: 
    at internalConnectMultiple (node:net:1134:18)
    at afterConnectMultiple (node:net:1715:7)
2026-05-14 17:35:48 [error]: AggregateError: 
    at internalConnectMultiple (node:net:1134:18)
    at afterConnectMultiple (node:net:1715:7)
2026-05-14 17:35:50 [error]: AggregateError: 
    at internalConnectMultiple (node:net:1134:18)
    at afterConnectMultiple (node:net:1715:7)
2026-05-14 17:35:52 [error]: AggregateError: 
    at internalConnectMultiple (node:net:1134:18)
    at afterConnectMultiple (node:net:1715:7)
2026-05-14 17:35:54 [error]: AggregateError: 
    at internalConnectMultiple (node:net:1134:18)
    at afterConnectMultiple (node:net:1715:7)
2026-05-14 17:35:56 [error]: AggregateError: 
    at internalConnectMultiple (node:net:1134:18)
    at afterConnectMultiple (node:net:1715:7)
2026-05-14 17:35:58 [error]: AggregateError: 
    at internalConnectMultiple (node:net:1134:18)
    at afterConnectMultiple (node:net:1715:7)
2026-05-14 17:36:01 [error]: AggregateError: 
    at internalConnectMultiple (node:net:1134:18)
    at afterConnectMultiple (node:net:1715:7)
2026-05-14 17:36:03 [error]: AggregateError: 
    at internalConnectMultiple (node:net:1134:18)
    at afterConnectMultiple (node:net:1715:7)
2026-05-14 17:36:05 [error]: AggregateError: 
    at internalConnectMultiple (node:net:1134:18)
    at afterConnectMultiple (node:net:1715:7)
2026-05-14 17:36:07 [error]: AggregateError: 
    at internalConnectMultiple (node:net:1134:18)
    at afterConnectMultiple (node:net:1715:7)
2026-05-14 17:36:09 [error]: AggregateError: 
    at internalConnectMultiple (node:net:1134:18)
    at afterConnectMultiple (node:net:1715:7)
2026-05-14 17:36:11 [error]: AggregateError: 
    at internalConnectMultiple (node:net:1134:18)
    at afterConnectMultiple (node:net:1715:7)
2026-05-14 17:36:13 [error]: AggregateError: 
    at internalConnectMultiple (node:net:1134:18)
    at afterConnectMultiple (node:net:1715:7)
2026-05-14 17:36:15 [error]: AggregateError: 
    at internalConnectMultiple (node:net:1134:18)
    at afterConnectMultiple (node:net:1715:7)
2026-05-14 17:36:18 [error]: AggregateError: 
    at internalConnectMultiple (node:net:1134:18)
    at afterConnectMultiple (node:net:1715:7)
2026-05-14 17:36:20 [error]: AggregateError: 
    at internalConnectMultiple (node:net:1134:18)
    at afterConnectMultiple (node:net:1715:7)
2026-05-14 17:36:22 [error]: AggregateError: 
    at internalConnectMultiple (node:net:1134:18)
    at afterConnectMultiple (node:net:1715:7)
2026-05-14 17:36:24 [error]: AggregateError: 
    at internalConnectMultiple (node:net:1134:18)
    at afterConnectMultiple (node:net:1715:7)
2026-05-14 17:36:26 [error]: AggregateError: 
    at internalConnectMultiple (node:net:1134:18)
    at afterConnectMultiple (node:net:1715:7)
2026-05-14 17:36:28 [error]: AggregateError: 
    at internalConnectMultiple (node:net:1134:18)
    at afterConnectMultiple (node:net:1715:7)
2026-05-14 17:36:30 [error]: AggregateError: 
    at internalConnectMultiple (node:net:1134:18)
    at afterConnectMultiple (node:net:1715:7)
2026-05-14 17:36:32 [error]: AggregateError: 
    at internalConnectMultiple (node:net:1134:18)
    at afterConnectMultiple (node:net:1715:7)
2026-05-14 17:36:35 [error]: AggregateError: 
    at internalConnectMultiple (node:net:1134:18)
    at afterConnectMultiple (node:net:1715:7)
2026-05-14 17:36:37 [error]: AggregateError: 
    at internalConnectMultiple (node:net:1134:18)
    at afterConnectMultiple (node:net:1715:7)
2026-05-14 17:36:39 [error]: AggregateError: 
    at internalConnectMultiple (node:net:1134:18)
    at afterConnectMultiple (node:net:1715:7)
2026-05-14 17:36:41 [error]: AggregateError: 
    at internalConnectMultiple (node:net:1134:18)
    at afterConnectMultiple (node:net:1715:7)
2026-05-14 17:36:43 [error]: AggregateError: 
    at internalConnectMultiple (node:net:1134:18)
    at afterConnectMultiple (node:net:1715:7)
2026-05-14 17:36:45 [error]: AggregateError: 
    at internalConnectMultiple (node:net:1134:18)
    at afterConnectMultiple (node:net:1715:7)
2026-05-14 17:36:47 [error]: AggregateError: 
    at internalConnectMultiple (node:net:1134:18)
    at afterConnectMultiple (node:net:1715:7)
2026-05-14 17:36:49 [error]: AggregateError: 
    at internalConnectMultiple (node:net:1134:18)
    at afterConnectMultiple (node:net:1715:7)
2026-05-14 17:36:51 [error]: AggregateError: 
    at internalConnectMultiple (node:net:1134:18)
    at afterConnectMultiple (node:net:1715:7)
2026-05-14 17:36:54 [error]: AggregateError: 
    at internalConnectMultiple (node:net:1134:18)
    at afterConnectMultiple (node:net:1715:7)
2026-05-14 17:36:56 [error]: AggregateError: 
    at internalConnectMultiple (node:net:1134:18)
    at afterConnectMultiple (node:net:1715:7)
2026-05-14 17:36:58 [error]: AggregateError: 
    at internalConnectMultiple (node:net:1134:18)
    at afterConnectMultiple (node:net:1715:7)
2026-05-14 17:37:00 [error]: AggregateError: 
    at internalConnectMultiple (node:net:1134:18)
    at afterConnectMultiple (node:net:1715:7)
2026-05-14 17:37:02 [error]: AggregateError: 
    at internalConnectMultiple (node:net:1134:18)
    at afterConnectMultiple (node:net:1715:7)
2026-05-14 17:37:04 [error]: AggregateError: 
    at internalConnectMultiple (node:net:1134:18)
    at afterConnectMultiple (node:net:1715:7)
2026-05-14 17:37:06 [error]: AggregateError: 
    at internalConnectMultiple (node:net:1134:18)
    at afterConnectMultiple (node:net:1715:7)
2026-05-14 17:37:08 [error]: AggregateError: 
    at internalConnectMultiple (node:net:1134:18)
    at afterConnectMultiple (node:net:1715:7)
2026-05-14 17:37:11 [error]: AggregateError: 
    at internalConnectMultiple (node:net:1134:18)
    at afterConnectMultiple (node:net:1715:7)
2026-05-14 17:37:13 [error]: AggregateError: 
    at internalConnectMultiple (node:net:1134:18)
    at afterConnectMultiple (node:net:1715:7)
2026-05-14 17:37:15 [error]: AggregateError: 
    at internalConnectMultiple (node:net:1134:18)
    at afterConnectMultiple (node:net:1715:7)
2026-05-14 17:37:17 [error]: AggregateError: 
    at internalConnectMultiple (node:net:1134:18)
    at afterConnectMultiple (node:net:1715:7)
2026-05-14 17:37:19 [error]: AggregateError: 
    at internalConnectMultiple (node:net:1134:18)
    at afterConnectMultiple (node:net:1715:7)
2026-05-14 17:37:21 [error]: AggregateError: 
    at internalConnectMultiple (node:net:1134:18)
    at afterConnectMultiple (node:net:1715:7)
2026-05-14 17:37:23 [error]: AggregateError: 
    at internalConnectMultiple (node:net:1134:18)
    at afterConnectMultiple (node:net:1715:7)
2026-05-14 17:37:25 [error]: AggregateError: 
    at internalConnectMultiple (node:net:1134:18)
    at afterConnectMultiple (node:net:1715:7)
2026-05-14 17:37:27 [error]: AggregateError: 
    at internalConnectMultiple (node:net:1134:18)
    at afterConnectMultiple (node:net:1715:7)
2026-05-14 17:37:29 [error]: AggregateError: 
    at internalConnectMultiple (node:net:1134:18)
    at afterConnectMultiple (node:net:1715:7)
2026-05-14 17:37:31 [error]: AggregateError: 
    at internalConnectMultiple (node:net:1134:18)
    at afterConnectMultiple (node:net:1715:7)
2026-05-14 17:37:34 [error]: AggregateError: 
    at internalConnectMultiple (node:net:1134:18)
    at afterConnectMultiple (node:net:1715:7)
2026-05-14 17:37:36 [error]: AggregateError: 
    at internalConnectMultiple (node:net:1134:18)
    at afterConnectMultiple (node:net:1715:7)
2026-05-14 17:37:38 [error]: AggregateError: 
    at internalConnectMultiple (node:net:1134:18)
    at afterConnectMultiple (node:net:1715:7)
2026-05-14 17:37:40 [error]: AggregateError: 
    at internalConnectMultiple (node:net:1134:18)
    at afterConnectMultiple (node:net:1715:7)
2026-05-14 17:37:42 [error]: AggregateError: 
    at internalConnectMultiple (node:net:1134:18)
    at afterConnectMultiple (node:net:1715:7)
2026-05-14 17:37:44 [error]: AggregateError: 
    at internalConnectMultiple (node:net:1134:18)
    at afterConnectMultiple (node:net:1715:7)
2026-05-14 17:37:46 [error]: AggregateError: 
    at internalConnectMultiple (node:net:1134:18)
    at afterConnectMultiple (node:net:1715:7)
2026-05-14 17:37:48 [error]: AggregateError: 
    at internalConnectMultiple (node:net:1134:18)
    at afterConnectMultiple (node:net:1715:7)
2026-05-14 17:37:50 [error]: AggregateError: 
    at internalConnectMultiple (node:net:1134:18)
    at afterConnectMultiple (node:net:1715:7)
2026-05-14 17:37:52 [error]: AggregateError: 
    at internalConnectMultiple (node:net:1134:18)
    at afterConnectMultiple (node:net:1715:7)
2026-05-14 17:37:55 [error]: AggregateError: 
    at internalConnectMultiple (node:net:1134:18)
    at afterConnectMultiple (node:net:1715:7)
2026-05-14 17:37:57 [error]: AggregateError: 
    at internalConnectMultiple (node:net:1134:18)
    at afterConnectMultiple (node:net:1715:7)
2026-05-14 17:37:59 [error]: AggregateError: 
    at internalConnectMultiple (node:net:1134:18)
    at afterConnectMultiple (node:net:1715:7)
2026-05-14 17:38:01 [error]: AggregateError: 
    at internalConnectMultiple (node:net:1134:18)
    at afterConnectMultiple (node:net:1715:7)
2026-05-14 17:38:03 [error]: AggregateError: 
    at internalConnectMultiple (node:net:1134:18)
    at afterConnectMultiple (node:net:1715:7)
2026-05-14 17:38:05 [error]: AggregateError: 
    at internalConnectMultiple (node:net:1134:18)
    at afterConnectMultiple (node:net:1715:7)
2026-05-14 17:38:07 [error]: AggregateError: 
    at internalConnectMultiple (node:net:1134:18)
    at afterConnectMultiple (node:net:1715:7)
2026-05-14 17:38:09 [error]: AggregateError: 
    at internalConnectMultiple (node:net:1134:18)
    at afterConnectMultiple (node:net:1715:7)
2026-05-14 17:38:11 [error]: AggregateError: 
    at internalConnectMultiple (node:net:1134:18)
    at afterConnectMultiple (node:net:1715:7)
2026-05-14 17:38:13 [error]: AggregateError: 
    at internalConnectMultiple (node:net:1134:18)
    at afterConnectMultiple (node:net:1715:7)
2026-05-14 17:38:16 [error]: AggregateError: 
    at internalConnectMultiple (node:net:1134:18)
    at afterConnectMultiple (node:net:1715:7)
2026-05-14 17:38:18 [error]: AggregateError: 
    at internalConnectMultiple (node:net:1134:18)
    at afterConnectMultiple (node:net:1715:7)
2026-05-14 17:38:20 [error]: AggregateError: 
    at internalConnectMultiple (node:net:1134:18)
    at afterConnectMultiple (node:net:1715:7)
2026-05-14 17:38:22 [error]: AggregateError: 
    at internalConnectMultiple (node:net:1134:18)
    at afterConnectMultiple (node:net:1715:7)
2026-05-14 17:38:24 [error]: AggregateError: 
    at internalConnectMultiple (node:net:1134:18)
    at afterConnectMultiple (node:net:1715:7)
2026-05-14 17:38:26 [error]: AggregateError: 
    at internalConnectMultiple (node:net:1134:18)
    at afterConnectMultiple (node:net:1715:7)
2026-05-14 17:38:28 [error]: AggregateError: 
    at internalConnectMultiple (node:net:1134:18)
    at afterConnectMultiple (node:net:1715:7)
2026-05-14 17:38:30 [error]: AggregateError: 
    at internalConnectMultiple (node:net:1134:18)
    at afterConnectMultiple (node:net:1715:7)
2026-05-14 17:38:33 [error]: AggregateError: 
    at internalConnectMultiple (node:net:1134:18)
    at afterConnectMultiple (node:net:1715:7)
2026-05-14 17:38:35 [error]: AggregateError: 
    at internalConnectMultiple (node:net:1134:18)
    at afterConnectMultiple (node:net:1715:7)
2026-05-14 17:38:37 [error]: AggregateError: 
    at internalConnectMultiple (node:net:1134:18)
    at afterConnectMultiple (node:net:1715:7)
2026-05-14 17:38:39 [error]: AggregateError: 
    at internalConnectMultiple (node:net:1134:18)
    at afterConnectMultiple (node:net:1715:7)
2026-05-14 17:38:41 [error]: AggregateError: 
    at internalConnectMultiple (node:net:1134:18)
    at afterConnectMultiple (node:net:1715:7)
2026-05-14 17:38:43 [error]: AggregateError: 
    at internalConnectMultiple (node:net:1134:18)
    at afterConnectMultiple (node:net:1715:7)
2026-05-14 17:38:45 [error]: AggregateError: 
    at internalConnectMultiple (node:net:1134:18)
    at afterConnectMultiple (node:net:1715:7)
2026-05-14 17:38:47 [error]: AggregateError: 
    at internalConnectMultiple (node:net:1134:18)
    at afterConnectMultiple (node:net:1715:7)
2026-05-14 17:38:50 [error]: AggregateError: 
    at internalConnectMultiple (node:net:1134:18)
    at afterConnectMultiple (node:net:1715:7)
2026-05-14 17:38:52 [error]: AggregateError: 
    at internalConnectMultiple (node:net:1134:18)
    at afterConnectMultiple (node:net:1715:7)
2026-05-14 17:38:54 [error]: AggregateError: 
    at internalConnectMultiple (node:net:1134:18)
    at afterConnectMultiple (node:net:1715:7)
2026-05-14 17:38:56 [error]: AggregateError: 
    at internalConnectMultiple (node:net:1134:18)
    at afterConnectMultiple (node:net:1715:7)
2026-05-14 17:38:58 [error]: AggregateError: 
    at internalConnectMultiple (node:net:1134:18)
    at afterConnectMultiple (node:net:1715:7)
2026-05-14 17:39:00 [error]: AggregateError: 
    at internalConnectMultiple (node:net:1134:18)
    at afterConnectMultiple (node:net:1715:7)
2026-05-14 17:39:02 [error]: AggregateError: 
    at internalConnectMultiple (node:net:1134:18)
    at afterConnectMultiple (node:net:1715:7)
2026-05-14 17:39:04 [error]: AggregateError: 
    at internalConnectMultiple (node:net:1134:18)
    at afterConnectMultiple (node:net:1715:7)
2026-05-14 17:39:06 [error]: AggregateError: 
    at internalConnectMultiple (node:net:1134:18)
    at afterConnectMultiple (node:net:1715:7)
2026-05-14 17:39:08 [error]: AggregateError: 
    at internalConnectMultiple (node:net:1134:18)
    at afterConnectMultiple (node:net:1715:7)
2026-05-14 17:39:10 [error]: AggregateError: 
    at internalConnectMultiple (node:net:1134:18)
    at afterConnectMultiple (node:net:1715:7)
2026-05-14 17:39:13 [error]: AggregateError: 
    at internalConnectMultiple (node:net:1134:18)
    at afterConnectMultiple (node:net:1715:7)
2026-05-14 17:39:15 [error]: AggregateError: 
    at internalConnectMultiple (node:net:1134:18)
    at afterConnectMultiple (node:net:1715:7)
2026-05-14 17:39:17 [error]: AggregateError: 
    at internalConnectMultiple (node:net:1134:18)
    at afterConnectMultiple (node:net:1715:7)
2026-05-14 17:39:19 [error]: AggregateError: 
    at internalConnectMultiple (node:net:1134:18)
    at afterConnectMultiple (node:net:1715:7)
2026-05-14 17:39:21 [error]: AggregateError: 
    at internalConnectMultiple (node:net:1134:18)
    at afterConnectMultiple (node:net:1715:7)
2026-05-14 17:39:23 [error]: AggregateError: 
    at internalConnectMultiple (node:net:1134:18)
    at afterConnectMultiple (node:net:1715:7)
2026-05-14 17:39:25 [error]: AggregateError: 
    at internalConnectMultiple (node:net:1134:18)
    at afterConnectMultiple (node:net:1715:7)
2026-05-14 17:39:27 [error]: AggregateError: 
    at internalConnectMultiple (node:net:1134:18)
    at afterConnectMultiple (node:net:1715:7)
2026-05-14 17:39:29 [error]: AggregateError: 
    at internalConnectMultiple (node:net:1134:18)
    at afterConnectMultiple (node:net:1715:7)
2026-05-14 17:40:03 [info]: 	⚡ Redis Client Connected
2026-05-14 17:41:32 [info]: 	⚡ Redis Client Connected
2026-05-14 17:41:32 [info]: 	⚡ Redis Client Connected
2026-05-14 17:41:32 [info]: 	🚀 Server running in development mode on port 5000
2026-05-14 17:42:02 [info]: 	⚡ Redis Client Connected
2026-05-14 17:42:03 [info]: 	🚀 Server running in development mode on port 5000
2026-05-14 17:42:07 [info]: 	⚡ Redis Client Connected
2026-05-14 17:42:31 [warn]: 	⚠️ MongoDB Disconnected
2026-05-14 17:42:36 [info]: 	⚡ Redis Client Connected
2026-05-14 17:42:36 [info]: 	🚀 Server running in development mode on port 5000
2026-05-14 17:43:05 [warn]: 	⚠️ MongoDB Disconnected
2026-05-14 17:46:29 [info]: 	⚡ Redis Client Connected
2026-05-14 17:46:32 [info]: 	🚀 Server running in development mode on port 5000
2026-05-14 17:46:58 [warn]: 	⚠️ MongoDB Disconnected
2026-05-14 17:54:08 [info]: 	⚡ Redis Client Connected
2026-05-14 17:54:08 [info]: 	🚀 Server running in development mode on port 5000
2026-05-14 17:54:28 [info]: 	⚡ Redis Client Connected
2026-05-14 17:54:29 [info]: 	🚀 Server running in development mode on port 5000
2026-05-14 17:54:54 [warn]: 	⚠️ MongoDB Disconnected
2026-05-14 17:55:20 [info]: 	⚡ Redis Client Connected
2026-05-14 17:55:20 [info]: 	🚀 Server running in development mode on port 5000
2026-05-14 17:55:47 [warn]: 	⚠️ MongoDB Disconnected
2026-05-14 17:56:00 [info]: 	⚡ Redis Client Connected
2026-05-14 17:56:01 [info]: 	🚀 Server running in development mode on port 5000
2026-05-14 17:56:13 [info]: 	⚡ Redis Client Connected
2026-05-14 17:56:14 [info]: 	🚀 Server running in development mode on port 5000
2026-05-14 17:56:39 [info]: 	⚡ Redis Client Connected
2026-05-14 17:56:39 [info]: 	🚀 Server running in development mode on port 5000
2026-05-14 17:57:08 [warn]: 	⚠️ MongoDB Disconnected
2026-05-14 18:06:46 [info]: 	⚡ Redis Client Connected
2026-05-14 18:06:46 [info]: 	🚀 Server running in development mode on port 5000
2026-05-14 18:07:15 [warn]: 	⚠️ MongoDB Disconnected
2026-05-14 18:11:33 [info]: 	⚡ Redis Client Connected
2026-05-14 18:11:33 [info]: 	🚀 Server running in development mode on port 5000
2026-05-14 18:12:01 [warn]: 	⚠️ MongoDB Disconnected
2026-05-14 18:15:24 [info]: 	⚡ Redis Client Connected
2026-05-14 18:15:25 [info]: 	🚀 Server running in development mode on port 5000
2026-05-14 18:15:43 [info]: 	⚡ Redis Client Connected
2026-05-14 18:15:44 [info]: 	🚀 Server running in development mode on port 5000
2026-05-14 18:16:12 [warn]: 	⚠️ MongoDB Disconnected
2026-05-14 18:16:15 [info]: 	⚡ Redis Client Connected
2026-05-14 18:16:15 [info]: 	🚀 Server running in development mode on port 5000
2026-05-14 18:16:44 [warn]: 	⚠️ MongoDB Disconnected
2026-05-14 18:22:18 [info]: 	⚡ Redis Client Connected
2026-05-14 18:22:18 [info]: 	🚀 Server running in development mode on port 5000
2026-05-14 18:22:21 [warn]: 	⚠️ MongoDB Disconnected
2026-05-14 18:26:05 [info]: 	⚡ Redis Client Connected
2026-05-14 18:26:05 [info]: 	🚀 Server running in development mode on port 5000
2026-05-14 18:26:09 [warn]: 	⚠️ MongoDB Disconnected
2026-05-14 18:27:15 [info]: 	⚡ Redis Client Connected
2026-05-14 18:27:17 [info]: 	🚀 Server running in development mode on port 5000
2026-05-14 18:27:22 [warn]: 	⚠️ MongoDB Disconnected
2026-05-15 14:20:36 [info]: 	⚡ Redis Client Connected
2026-05-15 14:20:37 [info]: 	🚀 Server running in development mode on port 5000
2026-05-15 14:21:04 [warn]: 	⚠️ MongoDB Disconnected
2026-05-15 14:32:08 [info]: 	⚡ Redis Client Connected
2026-05-15 14:32:11 [info]: 	🚀 Server running in development mode on port 5000
2026-05-15 14:32:42 [warn]: 	⚠️ MongoDB Disconnected
2026-05-15 14:39:03 [info]: 	⚡ Redis Client Connected
2026-05-15 14:39:04 [info]: 	🚀 Server running in development mode on port 5000
2026-05-15 14:39:24 [warn]: 	⚠️ MongoDB Disconnected
2026-05-15 14:41:27 [info]: 	⚡ Redis Client Connected
2026-05-15 14:41:29 [info]: 	🚀 Server running in development mode on port 5000
2026-05-15 14:41:55 [warn]: 	⚠️ MongoDB Disconnected
2026-05-15 14:48:37 [info]: 	⚡ Redis Client Connected
2026-05-15 14:48:40 [info]: 	🚀 Server running in development mode on port 5000
2026-05-15 14:49:03 [warn]: 	⚠️ MongoDB Disconnected
2026-05-15 14:55:41 [info]: 	⚡ Redis Client Connected
2026-05-15 14:55:42 [info]: 	🚀 Server running in development mode on port 5000
2026-05-15 14:56:25 [warn]: 	⚠️ MongoDB Disconnected
2026-05-15 14:56:45 [info]: 	⚡ Redis Client Connected
2026-05-15 14:56:46 [info]: 	🚀 Server running in development mode on port 5000
2026-05-15 14:56:52 [warn]: 	⚠️ MongoDB Disconnected
2026-05-15 14:57:49 [error]: Error: Connection timeout
    at TLSSocket.onTimeout (C:\Users\Immanuel\Desktop\CodeSage\Go-Eat\server\node_modules\@redis\client\lib\client\socket.ts:298:40)
    at Object.onceWrapper (node:events:622:28)
    at TLSSocket.emit (node:events:508:28)
    at TLSSocket.emit (node:domain:489:12)
    at TLSSocket.Socket._onTimeout (node:net:604:8)
    at listOnTimeout (node:internal/timers:605:17)
    at processTimers (node:internal/timers:541:7)
2026-05-15 14:57:54 [error]: Error: Connection timeout
    at TLSSocket.onTimeout (C:\Users\Immanuel\Desktop\CodeSage\Go-Eat\server\node_modules\@redis\client\lib\client\socket.ts:298:40)
    at Object.onceWrapper (node:events:622:28)
    at TLSSocket.emit (node:events:508:28)
    at TLSSocket.emit (node:domain:489:12)
    at TLSSocket.Socket._onTimeout (node:net:604:8)
    at listOnTimeout (node:internal/timers:605:17)
    at processTimers (node:internal/timers:541:7)
2026-05-15 14:57:59 [error]: Error: Connection timeout
    at TLSSocket.onTimeout (C:\Users\Immanuel\Desktop\CodeSage\Go-Eat\server\node_modules\@redis\client\lib\client\socket.ts:298:40)
    at Object.onceWrapper (node:events:622:28)
    at TLSSocket.emit (node:events:508:28)
    at TLSSocket.emit (node:domain:489:12)
    at TLSSocket.Socket._onTimeout (node:net:604:8)
    at listOnTimeout (node:internal/timers:605:17)
    at processTimers (node:internal/timers:541:7)
2026-05-15 14:58:04 [info]: 	⚡ Redis Client Connected
2026-05-15 14:58:07 [info]: 	🚀 Server running in development mode on port 5000
2026-05-15 14:58:10 [warn]: 	⚠️ MongoDB Disconnected
2026-05-15 15:10:47 [info]: 	⚡ Redis Client Connected
2026-05-15 15:10:47 [info]: 	🚀 Server running in development mode on port 5000
2026-05-15 15:11:27 [warn]: 	⚠️ MongoDB Disconnected
2026-05-15 15:14:02 [info]: 	⚡ Redis Client Connected
2026-05-15 15:14:03 [info]: 	🚀 Server running in development mode on port 5000
2026-05-15 15:14:21 [error]: Error: getaddrinfo EAI_AGAIN magnetic-jackal-83413.upstash.io
    at GetAddrInfoReqWrap.onlookupall [as oncomplete] (node:dns:122:26)
2026-05-15 15:14:21 [error]: Error: getaddrinfo EAI_AGAIN magnetic-jackal-83413.upstash.io
    at GetAddrInfoReqWrap.onlookupall [as oncomplete] (node:dns:122:26)
2026-05-15 15:14:21 [error]: Error: getaddrinfo EAI_AGAIN magnetic-jackal-83413.upstash.io
    at GetAddrInfoReqWrap.onlookupall [as oncomplete] (node:dns:122:26)
2026-05-15 15:14:22 [error]: Error: getaddrinfo EAI_AGAIN magnetic-jackal-83413.upstash.io
    at GetAddrInfoReqWrap.onlookupall [as oncomplete] (node:dns:122:26)
2026-05-15 15:14:22 [error]: Error: getaddrinfo EAI_AGAIN magnetic-jackal-83413.upstash.io
    at GetAddrInfoReqWrap.onlookupall [as oncomplete] (node:dns:122:26)
2026-05-15 15:14:23 [error]: Error: getaddrinfo EAI_AGAIN magnetic-jackal-83413.upstash.io
    at GetAddrInfoReqWrap.onlookupall [as oncomplete] (node:dns:122:26)
2026-05-15 15:14:25 [error]: Error: getaddrinfo EAI_AGAIN magnetic-jackal-83413.upstash.io
    at GetAddrInfoReqWrap.onlookupall [as oncomplete] (node:dns:122:26)
2026-05-15 15:14:32 [info]: 	⚡ Redis Client Connected
2026-05-15 15:14:35 [info]: 	🚀 Server running in development mode on port 5000
2026-05-15 15:14:50 [warn]: 	⚠️ MongoDB Disconnected
2026-05-15 15:18:16 [info]: 	⚡ Redis Client Connected
2026-05-15 15:18:24 [info]: 	⚡ Redis Client Connected
2026-05-15 15:18:36 [info]: 	⚡ Redis Client Connected
2026-05-15 15:18:44 [info]: 	⚡ Redis Client Connected
2026-05-15 15:18:44 [info]: 	🚀 Server running in development mode on port 5000
2026-05-15 15:22:25 [info]: 	⚡ Redis Client Connected
2026-05-15 15:22:26 [info]: 	🚀 Server running in development mode on port 5000
2026-05-15 15:22:55 [warn]: 	⚠️ MongoDB Disconnected
2026-05-15 15:57:29 [info]: 	⚡ Redis Client Connected
2026-05-15 15:57:35 [info]: 	🚀 Server running in development mode on port 5000
2026-05-15 15:57:57 [warn]: 	⚠️ MongoDB Disconnected
2026-05-15 15:59:03 [error]: Error: Connection timeout
    at TLSSocket.onTimeout (C:\Users\Immanuel\Desktop\CodeSage\Go-Eat\server\node_modules\@redis\client\lib\client\socket.ts:298:40)
    at Object.onceWrapper (node:events:622:28)
    at TLSSocket.emit (node:events:508:28)
    at TLSSocket.emit (node:domain:489:12)
    at TLSSocket.Socket._onTimeout (node:net:604:8)
    at listOnTimeout (node:internal/timers:605:17)
    at processTimers (node:internal/timers:541:7)
2026-05-15 15:59:06 [info]: 	⚡ Redis Client Connected
2026-05-15 15:59:07 [info]: 	🚀 Server running in development mode on port 5000
2026-05-15 16:07:22 [error]: Error: getaddrinfo EAI_AGAIN magnetic-jackal-83413.upstash.io
    at GetAddrInfoReqWrap.onlookupall [as oncomplete] (node:dns:122:26)
2026-05-15 16:07:23 [error]: Error: getaddrinfo EAI_AGAIN magnetic-jackal-83413.upstash.io
    at GetAddrInfoReqWrap.onlookupall [as oncomplete] (node:dns:122:26)
2026-05-15 16:07:23 [error]: Error: getaddrinfo EAI_AGAIN magnetic-jackal-83413.upstash.io
    at GetAddrInfoReqWrap.onlookupall [as oncomplete] (node:dns:122:26)
2026-05-15 16:07:23 [error]: Error: getaddrinfo EAI_AGAIN magnetic-jackal-83413.upstash.io
    at GetAddrInfoReqWrap.onlookupall [as oncomplete] (node:dns:122:26)
2026-05-15 16:07:26 [error]: Error: getaddrinfo EAI_AGAIN magnetic-jackal-83413.upstash.io
    at GetAddrInfoReqWrap.onlookupall [as oncomplete] (node:dns:122:26)
2026-05-15 16:07:28 [error]: Error: getaddrinfo EAI_AGAIN magnetic-jackal-83413.upstash.io
    at GetAddrInfoReqWrap.onlookupall [as oncomplete] (node:dns:122:26)
2026-05-15 16:07:30 [error]: Error: getaddrinfo EAI_AGAIN magnetic-jackal-83413.upstash.io
    at GetAddrInfoReqWrap.onlookupall [as oncomplete] (node:dns:122:26)
2026-05-15 16:07:32 [error]: Error: getaddrinfo EAI_AGAIN magnetic-jackal-83413.upstash.io
    at GetAddrInfoReqWrap.onlookupall [as oncomplete] (node:dns:122:26)
2026-05-15 16:07:36 [info]: 	⚡ Redis Client Connected
2026-05-15 16:07:36 [info]: 	🚀 Server running in development mode on port 5000
2026-05-15 16:07:40 [info]: 	🚀 Connected to MongoDB: ac-hjwrplp-shard-00-01.dupeyhe.mongodb.net
2026-05-15 16:10:46 [error]: Error: getaddrinfo EAI_AGAIN magnetic-jackal-83413.upstash.io
    at GetAddrInfoReqWrap.onlookupall [as oncomplete] (node:dns:122:26)
2026-05-15 16:10:46 [error]: Error: getaddrinfo EAI_AGAIN magnetic-jackal-83413.upstash.io
    at GetAddrInfoReqWrap.onlookupall [as oncomplete] (node:dns:122:26)
2026-05-15 16:10:46 [error]: Error: getaddrinfo EAI_AGAIN magnetic-jackal-83413.upstash.io
    at GetAddrInfoReqWrap.onlookupall [as oncomplete] (node:dns:122:26)
2026-05-15 16:10:46 [error]: Error: getaddrinfo EAI_AGAIN magnetic-jackal-83413.upstash.io
    at GetAddrInfoReqWrap.onlookupall [as oncomplete] (node:dns:122:26)
2026-05-15 16:10:47 [error]: Error: getaddrinfo EAI_AGAIN magnetic-jackal-83413.upstash.io
    at GetAddrInfoReqWrap.onlookupall [as oncomplete] (node:dns:122:26)
2026-05-15 16:10:48 [error]: Error: getaddrinfo EAI_AGAIN magnetic-jackal-83413.upstash.io
    at GetAddrInfoReqWrap.onlookupall [as oncomplete] (node:dns:122:26)
2026-05-15 16:10:49 [error]: Error: getaddrinfo EAI_AGAIN magnetic-jackal-83413.upstash.io
    at GetAddrInfoReqWrap.onlookupall [as oncomplete] (node:dns:122:26)
2026-05-15 16:10:55 [info]: 	⚡ Redis Client Connected
2026-05-15 16:10:56 [info]: 	🚀 Server running in development mode on port 5000
2026-05-15 16:11:24 [info]: 	⚡ Redis Client Connected
2026-05-15 16:11:28 [info]: 	🚀 Server running in development mode on port 5000
2026-05-15 17:15:18 [warn]: 	⚠️ Firebase service account not configured or using placeholder. Push notifications will be disabled.
2026-05-15 17:15:41 [error]: Error: Connection timeout
    at TLSSocket.onTimeout (C:\Users\Immanuel\Desktop\CodeSage\Go-Eat\server\node_modules\@redis\client\lib\client\socket.ts:298:40)
    at Object.onceWrapper (node:events:622:28)
    at TLSSocket.emit (node:events:508:28)
    at TLSSocket.emit (node:domain:489:12)
    at TLSSocket.Socket._onTimeout (node:net:604:8)
    at listOnTimeout (node:internal/timers:605:17)
    at processTimers (node:internal/timers:541:7)
2026-05-15 17:15:46 [info]: 	⚡ Redis Client Connected
2026-05-15 17:15:48 [info]: 	🚀 Server running in development mode on port 5000
2026-05-15 17:15:48 [warn]: 	⚠️ MongoDB Disconnected
2026-05-15 17:19:02 [warn]: 	⚠️ Firebase service account not configured or using placeholder. Push notifications will be disabled.
2026-05-15 17:19:05 [info]: 	⚡ Redis Client Connected
2026-05-15 17:19:06 [info]: 	🚀 Server running in development mode on port 5000
2026-05-15 17:19:33 [warn]: 	⚠️ MongoDB Disconnected
2026-05-15 17:23:04 [warn]: 	⚠️ Firebase service account not configured or using placeholder. Push notifications will be disabled.
2026-05-15 17:23:10 [info]: 	⚡ Redis Client Connected
2026-05-15 17:23:12 [info]: 	🚀 Server running in development mode on port 5000
2026-05-15 17:23:37 [warn]: 	⚠️ MongoDB Disconnected
2026-05-15 17:37:47 [warn]: 	⚠️ Firebase service account not configured or using placeholder. Push notifications will be disabled.
2026-05-15 17:37:53 [info]: 	⚡ Redis Client Connected
2026-05-15 17:37:53 [info]: 	🚀 Server running in development mode on port 5000
2026-05-15 17:37:58 [info]: 	🚀 Connected to MongoDB: ac-hjwrplp-shard-00-02.dupeyhe.mongodb.net
2026-05-15 17:53:07 [warn]: 	⚠️ Firebase service account not configured or using placeholder. Push notifications will be disabled.
2026-05-15 17:53:13 [info]: 	⚡ Redis Client Connected
2026-05-15 17:53:14 [info]: 	🚀 Server running in development mode on port 5000
2026-05-15 17:53:20 [info]: 	🚀 Connected to MongoDB: ac-hjwrplp-shard-00-01.dupeyhe.mongodb.net
2026-05-15 18:03:24 [info]: 	⚡ MongoDB Reconnected
2026-05-15 18:03:25 [info]: 	⚡ MongoDB Reconnected
2026-05-15 18:37:16 [info]: 	⚡ MongoDB Reconnected
2026-05-15 18:37:17 [info]: 	⚡ MongoDB Reconnected
2026-05-15 18:37:32 [warn]: 	⚠️ MongoDB Disconnected
2026-05-15 18:37:34 [info]: 	⚡ MongoDB Reconnected
2026-05-15 18:38:15 [warn]: 	⚠️ MongoDB Disconnected
2026-05-15 18:38:29 [info]: 	⚡ MongoDB Reconnected
2026-05-15 18:39:23 [warn]: 	⚠️ Firebase service account not configured or using placeholder. Push notifications will be disabled.
2026-05-15 18:39:29 [info]: 	⚡ Redis Client Connected
2026-05-15 18:39:29 [info]: 	🚀 Server running in development mode on port 5000
2026-05-15 18:39:35 [info]: 	🚀 Connected to MongoDB: ac-hjwrplp-shard-00-02.dupeyhe.mongodb.net
2026-05-15 18:48:54 [warn]: 	⚠️ Firebase service account not configured or using placeholder. Push notifications will be disabled.
2026-05-15 18:48:57 [info]: 	⚡ Redis Client Connected
2026-05-15 18:48:57 [info]: 	🚀 Server running in development mode on port 5000
2026-05-15 18:49:03 [info]: 	🚀 Connected to MongoDB: ac-hjwrplp-shard-00-00.dupeyhe.mongodb.net
2026-05-15 19:01:52 [warn]: 	⚠️ Firebase service account not configured or using placeholder. Push notifications will be disabled.
2026-05-15 19:01:56 [info]: 	⚡ Redis Client Connected
2026-05-15 19:01:57 [info]: 	🚀 Server running in development mode on port 5000
2026-05-15 19:01:59 [info]: 	🚀 Connected to MongoDB: ac-hjwrplp-shard-00-02.dupeyhe.mongodb.net
2026-05-15 19:02:45 [warn]: 	⚠️ Firebase service account not configured or using placeholder. Push notifications will be disabled.
2026-05-15 19:02:49 [info]: 	⚡ Redis Client Connected
2026-05-15 19:02:49 [info]: 	🚀 Server running in development mode on port 5000
2026-05-15 19:02:53 [info]: 	🚀 Connected to MongoDB: ac-hjwrplp-shard-00-02.dupeyhe.mongodb.net
2026-05-15 19:04:15 [warn]: 	⚠️ Firebase service account not configured or using placeholder. Push notifications will be disabled.
2026-05-15 19:04:33 [warn]: 	⚠️ Firebase service account not configured or using placeholder. Push notifications will be disabled.
2026-05-15 19:04:34 [info]: 	⚡ Redis Client Connected
2026-05-15 19:04:35 [info]: 	🚀 Server running in development mode on port 5000
2026-05-15 19:04:38 [info]: 	🚀 Connected to MongoDB: ac-hjwrplp-shard-00-02.dupeyhe.mongodb.net
2026-05-15 19:23:25 [warn]: 	⚠️ Firebase service account not configured or using placeholder. Push notifications will be disabled.
2026-05-15 19:23:32 [info]: 	⚡ Redis Client Connected
2026-05-15 19:23:33 [info]: 	🚀 Server running in development mode on port 5000
2026-05-15 19:23:42 [info]: 	🚀 Connected to MongoDB: ac-hjwrplp-shard-00-02.dupeyhe.mongodb.net
2026-05-15 19:25:55 [info]: 	⚡ MongoDB Reconnected
2026-05-15 19:26:58 [info]: 	⚡ MongoDB Reconnected
2026-05-15 19:27:11 [warn]: 	⚠️ MongoDB Disconnected
2026-05-15 19:27:24 [info]: 	⚡ MongoDB Reconnected
2026-05-15 19:28:33 [warn]: 	⚠️ MongoDB Disconnected
2026-05-15 19:28:40 [info]: 	⚡ MongoDB Reconnected
2026-05-15 19:29:19 [warn]: 	⚠️ Firebase service account not configured or using placeholder. Push notifications will be disabled.
2026-05-15 19:29:23 [error]: Error: getaddrinfo EAI_AGAIN magnetic-jackal-83413.upstash.io
    at GetAddrInfoReqWrap.onlookupall [as oncomplete] (node:dns:122:26)
2026-05-15 19:29:24 [error]: Error: getaddrinfo EAI_AGAIN magnetic-jackal-83413.upstash.io
    at GetAddrInfoReqWrap.onlookupall [as oncomplete] (node:dns:122:26)
2026-05-15 19:29:24 [error]: Error: getaddrinfo EAI_AGAIN magnetic-jackal-83413.upstash.io
    at GetAddrInfoReqWrap.onlookupall [as oncomplete] (node:dns:122:26)
2026-05-15 19:29:24 [error]: Error: getaddrinfo EAI_AGAIN magnetic-jackal-83413.upstash.io
    at GetAddrInfoReqWrap.onlookupall [as oncomplete] (node:dns:122:26)
2026-05-15 19:29:25 [error]: Error: getaddrinfo EAI_AGAIN magnetic-jackal-83413.upstash.io
    at GetAddrInfoReqWrap.onlookupall [as oncomplete] (node:dns:122:26)
2026-05-15 19:29:26 [error]: Error: getaddrinfo EAI_AGAIN magnetic-jackal-83413.upstash.io
    at GetAddrInfoReqWrap.onlookupall [as oncomplete] (node:dns:122:26)
2026-05-15 19:29:26 [info]: 	🚀 Connected to MongoDB: ac-hjwrplp-shard-00-02.dupeyhe.mongodb.net
2026-05-15 19:29:27 [error]: Error: getaddrinfo EAI_AGAIN magnetic-jackal-83413.upstash.io
    at GetAddrInfoReqWrap.onlookupall [as oncomplete] (node:dns:122:26)
2026-05-15 19:29:33 [error]: Error: getaddrinfo EAI_AGAIN magnetic-jackal-83413.upstash.io
    at GetAddrInfoReqWrap.onlookupall [as oncomplete] (node:dns:122:26)
2026-05-15 19:29:35 [error]: Error: getaddrinfo EAI_AGAIN magnetic-jackal-83413.upstash.io
    at GetAddrInfoReqWrap.onlookupall [as oncomplete] (node:dns:122:26)
2026-05-15 19:29:37 [error]: Error: getaddrinfo EAI_AGAIN magnetic-jackal-83413.upstash.io
    at GetAddrInfoReqWrap.onlookupall [as oncomplete] (node:dns:122:26)
2026-05-15 19:29:41 [info]: 	⚡ Redis Client Connected
2026-05-15 19:29:42 [info]: 	🚀 Server running in development mode on port 5000
2026-05-15 19:30:49 [warn]: 	⚠️ MongoDB Disconnected
2026-05-15 19:30:49 [info]: 	⚡ MongoDB Reconnected
2026-05-15 19:31:30 [info]: 	⚡ MongoDB Reconnected
2026-05-15 19:31:41 [warn]: 	⚠️ MongoDB Disconnected
2026-05-15 19:31:41 [info]: 	⚡ MongoDB Reconnected
2026-05-15 19:34:39 [info]: 	⚡ MongoDB Reconnected
2026-05-15 19:34:39 [info]: 	⚡ MongoDB Reconnected
2026-05-15 19:34:39 [error]: Error: read ECONNRESET
    at TLSWrap.onStreamRead (node:internal/stream_base_commons:216:20)
2026-05-15 19:34:39 [error]: Error: getaddrinfo ENOTFOUND magnetic-jackal-83413.upstash.io
    at GetAddrInfoReqWrap.onlookupall [as oncomplete] (node:dns:122:26)
2026-05-15 19:34:39 [error]: Error: getaddrinfo ENOTFOUND magnetic-jackal-83413.upstash.io
    at GetAddrInfoReqWrap.onlookupall [as oncomplete] (node:dns:122:26)
2026-05-15 19:34:39 [error]: Error: getaddrinfo ENOTFOUND magnetic-jackal-83413.upstash.io
    at GetAddrInfoReqWrap.onlookupall [as oncomplete] (node:dns:122:26)
2026-05-15 19:34:40 [error]: Error: getaddrinfo ENOTFOUND magnetic-jackal-83413.upstash.io
    at GetAddrInfoReqWrap.onlookupall [as oncomplete] (node:dns:122:26)
2026-05-15 19:34:40 [error]: Error: getaddrinfo ENOTFOUND magnetic-jackal-83413.upstash.io
    at GetAddrInfoReqWrap.onlookupall [as oncomplete] (node:dns:122:26)
2026-05-15 19:34:46 [error]: Error: Connection timeout
    at TLSSocket.onTimeout (C:\Users\Immanuel\Desktop\CodeSage\Go-Eat\server\node_modules\@redis\client\lib\client\socket.ts:298:40)
    at Object.onceWrapper (node:events:622:28)
    at TLSSocket.emit (node:events:508:28)
    at TLSSocket.emit (node:domain:489:12)
    at TLSSocket.Socket._onTimeout (node:net:604:8)
    at listOnTimeout (node:internal/timers:605:17)
    at processTimers (node:internal/timers:541:7)
2026-05-15 19:34:53 [error]: Error: Connection timeout
    at TLSSocket.onTimeout (C:\Users\Immanuel\Desktop\CodeSage\Go-Eat\server\node_modules\@redis\client\lib\client\socket.ts:298:40)
    at Object.onceWrapper (node:events:622:28)
    at TLSSocket.emit (node:events:508:28)
    at TLSSocket.emit (node:domain:489:12)
    at TLSSocket.Socket._onTimeout (node:net:604:8)
    at listOnTimeout (node:internal/timers:605:17)
    at processTimers (node:internal/timers:541:7)
2026-05-15 19:35:00 [error]: Error: Connection timeout
    at TLSSocket.onTimeout (C:\Users\Immanuel\Desktop\CodeSage\Go-Eat\server\node_modules\@redis\client\lib\client\socket.ts:298:40)
    at Object.onceWrapper (node:events:622:28)
    at TLSSocket.emit (node:events:508:28)
    at TLSSocket.emit (node:domain:489:12)
    at TLSSocket.Socket._onTimeout (node:net:604:8)
    at listOnTimeout (node:internal/timers:605:17)
    at processTimers (node:internal/timers:541:7)
2026-05-15 19:35:07 [error]: Error: Connection timeout
    at TLSSocket.onTimeout (C:\Users\Immanuel\Desktop\CodeSage\Go-Eat\server\node_modules\@redis\client\lib\client\socket.ts:298:40)
    at Object.onceWrapper (node:events:622:28)
    at TLSSocket.emit (node:events:508:28)
    at TLSSocket.emit (node:domain:489:12)
    at TLSSocket.Socket._onTimeout (node:net:604:8)
    at listOnTimeout (node:internal/timers:605:17)
    at processTimers (node:internal/timers:541:7)
2026-05-15 19:35:18 [error]: Error: Connection timeout
    at TLSSocket.onTimeout (C:\Users\Immanuel\Desktop\CodeSage\Go-Eat\server\node_modules\@redis\client\lib\client\socket.ts:298:40)
    at Object.onceWrapper (node:events:622:28)
    at TLSSocket.emit (node:events:508:28)
    at TLSSocket.emit (node:domain:489:12)
    at TLSSocket.Socket._onTimeout (node:net:604:8)
    at listOnTimeout (node:internal/timers:605:17)
    at processTimers (node:internal/timers:541:7)
2026-05-15 19:35:26 [error]: Error: Connection timeout
    at TLSSocket.onTimeout (C:\Users\Immanuel\Desktop\CodeSage\Go-Eat\server\node_modules\@redis\client\lib\client\socket.ts:298:40)
    at Object.onceWrapper (node:events:622:28)
    at TLSSocket.emit (node:events:508:28)
    at TLSSocket.emit (node:domain:489:12)
    at TLSSocket.Socket._onTimeout (node:net:604:8)
    at listOnTimeout (node:internal/timers:605:17)
    at processTimers (node:internal/timers:541:7)
2026-05-15 19:35:35 [error]: Error: Connection timeout
    at TLSSocket.onTimeout (C:\Users\Immanuel\Desktop\CodeSage\Go-Eat\server\node_modules\@redis\client\lib\client\socket.ts:298:40)
    at Object.onceWrapper (node:events:622:28)
    at TLSSocket.emit (node:events:508:28)
    at TLSSocket.emit (node:domain:489:12)
    at TLSSocket.Socket._onTimeout (node:net:604:8)
    at listOnTimeout (node:internal/timers:605:17)
    at processTimers (node:internal/timers:541:7)
2026-05-15 19:36:04 [warn]: 	⚠️ Firebase service account not configured or using placeholder. Push notifications will be disabled.
2026-05-15 19:36:11 [error]: Error: Connection timeout
    at TLSSocket.onTimeout (C:\Users\Immanuel\Desktop\CodeSage\Go-Eat\server\node_modules\@redis\client\lib\client\socket.ts:298:40)
    at Object.onceWrapper (node:events:622:28)
    at TLSSocket.emit (node:events:508:28)
    at TLSSocket.emit (node:domain:489:12)
    at TLSSocket.Socket._onTimeout (node:net:604:8)
    at listOnTimeout (node:internal/timers:605:17)
    at processTimers (node:internal/timers:541:7)
2026-05-15 19:36:16 [error]: Error: Connection timeout
    at TLSSocket.onTimeout (C:\Users\Immanuel\Desktop\CodeSage\Go-Eat\server\node_modules\@redis\client\lib\client\socket.ts:298:40)
    at Object.onceWrapper (node:events:622:28)
    at TLSSocket.emit (node:events:508:28)
    at TLSSocket.emit (node:domain:489:12)
    at TLSSocket.Socket._onTimeout (node:net:604:8)
    at listOnTimeout (node:internal/timers:605:17)
    at processTimers (node:internal/timers:541:7)
2026-05-15 19:36:21 [error]: Error: Connection timeout
    at TLSSocket.onTimeout (C:\Users\Immanuel\Desktop\CodeSage\Go-Eat\server\node_modules\@redis\client\lib\client\socket.ts:298:40)
    at Object.onceWrapper (node:events:622:28)
    at TLSSocket.emit (node:events:508:28)
    at TLSSocket.emit (node:domain:489:12)
    at TLSSocket.Socket._onTimeout (node:net:604:8)
    at listOnTimeout (node:internal/timers:605:17)
    at processTimers (node:internal/timers:541:7)
2026-05-15 19:36:46 [warn]: 	⚠️ Firebase service account not configured or using placeholder. Push notifications will be disabled.
2026-05-15 19:36:55 [error]: Error: Connection timeout
    at TLSSocket.onTimeout (C:\Users\Immanuel\Desktop\CodeSage\Go-Eat\server\node_modules\@redis\client\lib\client\socket.ts:298:40)
    at Object.onceWrapper (node:events:622:28)
    at TLSSocket.emit (node:events:508:28)
    at TLSSocket.emit (node:domain:489:12)
    at TLSSocket.Socket._onTimeout (node:net:604:8)
    at listOnTimeout (node:internal/timers:605:17)
    at processTimers (node:internal/timers:541:7)
2026-05-15 19:37:02 [error]: Error: Connection timeout
    at TLSSocket.onTimeout (C:\Users\Immanuel\Desktop\CodeSage\Go-Eat\server\node_modules\@redis\client\lib\client\socket.ts:298:40)
    at Object.onceWrapper (node:events:622:28)
    at TLSSocket.emit (node:events:508:28)
    at TLSSocket.emit (node:domain:489:12)
    at TLSSocket.Socket._onTimeout (node:net:604:8)
    at listOnTimeout (node:internal/timers:605:17)
    at processTimers (node:internal/timers:541:7)
2026-05-15 19:37:09 [error]: Error: Connection timeout
    at TLSSocket.onTimeout (C:\Users\Immanuel\Desktop\CodeSage\Go-Eat\server\node_modules\@redis\client\lib\client\socket.ts:298:40)
    at Object.onceWrapper (node:events:622:28)
    at TLSSocket.emit (node:events:508:28)
    at TLSSocket.emit (node:domain:489:12)
    at TLSSocket.Socket._onTimeout (node:net:604:8)
    at listOnTimeout (node:internal/timers:605:17)
    at processTimers (node:internal/timers:541:7)
2026-05-15 19:37:16 [error]: Error: Connection timeout
    at TLSSocket.onTimeout (C:\Users\Immanuel\Desktop\CodeSage\Go-Eat\server\node_modules\@redis\client\lib\client\socket.ts:298:40)
    at Object.onceWrapper (node:events:622:28)
    at TLSSocket.emit (node:events:508:28)
    at TLSSocket.emit (node:domain:489:12)
    at TLSSocket.Socket._onTimeout (node:net:604:8)
    at listOnTimeout (node:internal/timers:605:17)
    at processTimers (node:internal/timers:541:7)
2026-05-15 19:37:18 [warn]: 	⚠️ MongoDB Disconnected
2026-05-15 19:43:07 [warn]: 	⚠️ Firebase service account not configured or using placeholder. Push notifications will be disabled.
2026-05-15 19:43:14 [error]: Error: Connection timeout
    at TLSSocket.onTimeout (C:\Users\Immanuel\Desktop\CodeSage\Go-Eat\server\node_modules\@redis\client\lib\client\socket.ts:298:40)
    at Object.onceWrapper (node:events:622:28)
    at TLSSocket.emit (node:events:508:28)
    at TLSSocket.emit (node:domain:489:12)
    at TLSSocket.Socket._onTimeout (node:net:604:8)
    at listOnTimeout (node:internal/timers:605:17)
    at processTimers (node:internal/timers:541:7)
2026-05-15 19:43:28 [error]: Error: Connection timeout
    at TLSSocket.onTimeout (C:\Users\Immanuel\Desktop\CodeSage\Go-Eat\server\node_modules\@redis\client\lib\client\socket.ts:298:40)
    at Object.onceWrapper (node:events:622:28)
    at TLSSocket.emit (node:events:508:28)
    at TLSSocket.emit (node:domain:489:12)
    at TLSSocket.Socket._onTimeout (node:net:604:8)
    at listOnTimeout (node:internal/timers:605:17)
    at processTimers (node:internal/timers:541:7)
2026-05-15 19:43:35 [error]: Error: Connection timeout
    at TLSSocket.onTimeout (C:\Users\Immanuel\Desktop\CodeSage\Go-Eat\server\node_modules\@redis\client\lib\client\socket.ts:298:40)
    at Object.onceWrapper (node:events:622:28)
    at TLSSocket.emit (node:events:508:28)
    at TLSSocket.emit (node:domain:489:12)
    at TLSSocket.Socket._onTimeout (node:net:604:8)
    at listOnTimeout (node:internal/timers:605:17)
    at processTimers (node:internal/timers:541:7)
2026-05-15 19:43:40 [error]: Error: Connection timeout
    at TLSSocket.onTimeout (C:\Users\Immanuel\Desktop\CodeSage\Go-Eat\server\node_modules\@redis\client\lib\client\socket.ts:298:40)
    at Object.onceWrapper (node:events:622:28)
    at TLSSocket.emit (node:events:508:28)
    at TLSSocket.emit (node:domain:489:12)
    at TLSSocket.Socket._onTimeout (node:net:604:8)
    at listOnTimeout (node:internal/timers:605:17)
    at processTimers (node:internal/timers:541:7)
2026-05-15 19:43:46 [error]: Error: Connection timeout
    at TLSSocket.onTimeout (C:\Users\Immanuel\Desktop\CodeSage\Go-Eat\server\node_modules\@redis\client\lib\client\socket.ts:298:40)
    at Object.onceWrapper (node:events:622:28)
    at TLSSocket.emit (node:events:508:28)
    at TLSSocket.emit (node:domain:489:12)
    at TLSSocket.Socket._onTimeout (node:net:604:8)
    at listOnTimeout (node:internal/timers:605:17)
    at processTimers (node:internal/timers:541:7)
2026-05-15 19:43:50 [warn]: 	⚠️ MongoDB Disconnected
2026-05-15 19:46:08 [warn]: 	⚠️ Firebase service account not configured or using placeholder. Push notifications will be disabled.
2026-05-15 19:46:19 [error]: Error: Connection timeout
    at TLSSocket.onTimeout (C:\Users\Immanuel\Desktop\CodeSage\Go-Eat\server\node_modules\@redis\client\lib\client\socket.ts:298:40)
    at Object.onceWrapper (node:events:622:28)
    at TLSSocket.emit (node:events:508:28)
    at TLSSocket.emit (node:domain:489:12)
    at TLSSocket.Socket._onTimeout (node:net:604:8)
    at listOnTimeout (node:internal/timers:605:17)
    at processTimers (node:internal/timers:541:7)
2026-05-15 19:46:28 [error]: Error: Connection timeout
    at TLSSocket.onTimeout (C:\Users\Immanuel\Desktop\CodeSage\Go-Eat\server\node_modules\@redis\client\lib\client\socket.ts:298:40)
    at Object.onceWrapper (node:events:622:28)
    at TLSSocket.emit (node:events:508:28)
    at TLSSocket.emit (node:domain:489:12)
    at TLSSocket.Socket._onTimeout (node:net:604:8)
    at listOnTimeout (node:internal/timers:605:17)
    at processTimers (node:internal/timers:541:7)
2026-05-15 19:46:35 [error]: Error: Connection timeout
    at TLSSocket.onTimeout (C:\Users\Immanuel\Desktop\CodeSage\Go-Eat\server\node_modules\@redis\client\lib\client\socket.ts:298:40)
    at Object.onceWrapper (node:events:622:28)
    at TLSSocket.emit (node:events:508:28)
    at TLSSocket.emit (node:domain:489:12)
    at TLSSocket.Socket._onTimeout (node:net:604:8)
    at listOnTimeout (node:internal/timers:605:17)
    at processTimers (node:internal/timers:541:7)
2026-05-15 19:46:42 [error]: Error: Connection timeout
    at TLSSocket.onTimeout (C:\Users\Immanuel\Desktop\CodeSage\Go-Eat\server\node_modules\@redis\client\lib\client\socket.ts:298:40)
    at Object.onceWrapper (node:events:622:28)
    at TLSSocket.emit (node:events:508:28)
    at TLSSocket.emit (node:domain:489:12)
    at TLSSocket.Socket._onTimeout (node:net:604:8)
    at listOnTimeout (node:internal/timers:605:17)
    at processTimers (node:internal/timers:541:7)
2026-05-15 19:46:43 [warn]: 	⚠️ MongoDB Disconnected
2026-05-16 09:08:49 [warn]: 	⚠️ Firebase service account not configured or using placeholder. Push notifications will be disabled.
2026-05-16 09:09:02 [error]: Error: Connection timeout
    at TLSSocket.onTimeout (C:\Users\Immanuel\Desktop\CodeSage\Go-Eat\server\node_modules\@redis\client\lib\client\socket.ts:298:40)
    at Object.onceWrapper (node:events:622:28)
    at TLSSocket.emit (node:events:508:28)
    at TLSSocket.emit (node:domain:489:12)
    at TLSSocket.Socket._onTimeout (node:net:604:8)
    at listOnTimeout (node:internal/timers:605:17)
    at processTimers (node:internal/timers:541:7)
2026-05-16 09:09:11 [error]: Error: Connection timeout
    at TLSSocket.onTimeout (C:\Users\Immanuel\Desktop\CodeSage\Go-Eat\server\node_modules\@redis\client\lib\client\socket.ts:298:40)
    at Object.onceWrapper (node:events:622:28)
    at TLSSocket.emit (node:events:508:28)
    at TLSSocket.emit (node:domain:489:12)
    at TLSSocket.Socket._onTimeout (node:net:604:8)
    at listOnTimeout (node:internal/timers:605:17)
    at processTimers (node:internal/timers:541:7)
2026-05-16 09:09:22 [error]: Error: Connection timeout
    at TLSSocket.onTimeout (C:\Users\Immanuel\Desktop\CodeSage\Go-Eat\server\node_modules\@redis\client\lib\client\socket.ts:298:40)
    at Object.onceWrapper (node:events:622:28)
    at TLSSocket.emit (node:events:508:28)
    at TLSSocket.emit (node:domain:489:12)
    at TLSSocket.Socket._onTimeout (node:net:604:8)
    at listOnTimeout (node:internal/timers:605:17)
    at processTimers (node:internal/timers:541:7)
2026-05-16 09:09:28 [error]: Error: Connection timeout
    at TLSSocket.onTimeout (C:\Users\Immanuel\Desktop\CodeSage\Go-Eat\server\node_modules\@redis\client\lib\client\socket.ts:298:40)
    at Object.onceWrapper (node:events:622:28)
    at TLSSocket.emit (node:events:508:28)
    at TLSSocket.emit (node:domain:489:12)
    at TLSSocket.Socket._onTimeout (node:net:604:8)
    at listOnTimeout (node:internal/timers:605:17)
    at processTimers (node:internal/timers:541:7)
2026-05-16 09:09:46 [warn]: 	⚠️ Firebase service account not configured or using placeholder. Push notifications will be disabled.
2026-05-16 09:09:52 [error]: Error: Connection timeout
    at TLSSocket.onTimeout (C:\Users\Immanuel\Desktop\CodeSage\Go-Eat\server\node_modules\@redis\client\lib\client\socket.ts:298:40)
    at Object.onceWrapper (node:events:622:28)
    at TLSSocket.emit (node:events:508:28)
    at TLSSocket.emit (node:domain:489:12)
    at TLSSocket.Socket._onTimeout (node:net:604:8)
    at listOnTimeout (node:internal/timers:605:17)
    at processTimers (node:internal/timers:541:7)
2026-05-16 09:09:57 [error]: Error: Connection timeout
    at TLSSocket.onTimeout (C:\Users\Immanuel\Desktop\CodeSage\Go-Eat\server\node_modules\@redis\client\lib\client\socket.ts:298:40)
    at Object.onceWrapper (node:events:622:28)
    at TLSSocket.emit (node:events:508:28)
    at TLSSocket.emit (node:domain:489:12)
    at TLSSocket.Socket._onTimeout (node:net:604:8)
    at listOnTimeout (node:internal/timers:605:17)
    at processTimers (node:internal/timers:541:7)
2026-05-16 09:10:06 [error]: Error: Connection timeout
    at TLSSocket.onTimeout (C:\Users\Immanuel\Desktop\CodeSage\Go-Eat\server\node_modules\@redis\client\lib\client\socket.ts:298:40)
    at Object.onceWrapper (node:events:622:28)
    at TLSSocket.emit (node:events:508:28)
    at TLSSocket.emit (node:domain:489:12)
    at TLSSocket.Socket._onTimeout (node:net:604:8)
    at listOnTimeout (node:internal/timers:605:17)
    at processTimers (node:internal/timers:541:7)
2026-05-16 09:10:11 [error]: Error: Connection timeout
    at TLSSocket.onTimeout (C:\Users\Immanuel\Desktop\CodeSage\Go-Eat\server\node_modules\@redis\client\lib\client\socket.ts:298:40)
    at Object.onceWrapper (node:events:622:28)
    at TLSSocket.emit (node:events:508:28)
    at TLSSocket.emit (node:domain:489:12)
    at TLSSocket.Socket._onTimeout (node:net:604:8)
    at listOnTimeout (node:internal/timers:605:17)
    at processTimers (node:internal/timers:541:7)
2026-05-16 09:10:18 [info]: 	⚡ Redis Client Connected
2026-05-16 09:10:23 [info]: 	🚀 Server running in development mode on port 5000
2026-05-16 09:10:49 [info]: 	🚀 Connected to MongoDB: ac-hjwrplp-shard-00-02.dupeyhe.mongodb.net
2026-05-16 09:12:09 [warn]: 	⚠️ Firebase service account not configured or using placeholder. Push notifications will be disabled.
2026-05-16 09:12:15 [error]: Error: Connection timeout
    at TLSSocket.onTimeout (C:\Users\Immanuel\Desktop\CodeSage\Go-Eat\server\node_modules\@redis\client\lib\client\socket.ts:298:40)
    at Object.onceWrapper (node:events:622:28)
    at TLSSocket.emit (node:events:508:28)
    at TLSSocket.emit (node:domain:489:12)
    at TLSSocket.Socket._onTimeout (node:net:604:8)
    at listOnTimeout (node:internal/timers:605:17)
    at processTimers (node:internal/timers:541:7)
2026-05-16 09:12:20 [error]: Error: Connection timeout
    at TLSSocket.onTimeout (C:\Users\Immanuel\Desktop\CodeSage\Go-Eat\server\node_modules\@redis\client\lib\client\socket.ts:298:40)
    at Object.onceWrapper (node:events:622:28)
    at TLSSocket.emit (node:events:508:28)
    at TLSSocket.emit (node:domain:489:12)
    at TLSSocket.Socket._onTimeout (node:net:604:8)
    at listOnTimeout (node:internal/timers:605:17)
    at processTimers (node:internal/timers:541:7)
2026-05-16 09:12:26 [error]: Error: Connection timeout
    at TLSSocket.onTimeout (C:\Users\Immanuel\Desktop\CodeSage\Go-Eat\server\node_modules\@redis\client\lib\client\socket.ts:298:40)
    at Object.onceWrapper (node:events:622:28)
    at TLSSocket.emit (node:events:508:28)
    at TLSSocket.emit (node:domain:489:12)
    at TLSSocket.Socket._onTimeout (node:net:604:8)
    at listOnTimeout (node:internal/timers:605:17)
    at processTimers (node:internal/timers:541:7)
2026-05-16 09:12:31 [error]: Error: Connection timeout
    at TLSSocket.onTimeout (C:\Users\Immanuel\Desktop\CodeSage\Go-Eat\server\node_modules\@redis\client\lib\client\socket.ts:298:40)
    at Object.onceWrapper (node:events:622:28)
    at TLSSocket.emit (node:events:508:28)
    at TLSSocket.emit (node:domain:489:12)
    at TLSSocket.Socket._onTimeout (node:net:604:8)
    at listOnTimeout (node:internal/timers:605:17)
    at processTimers (node:internal/timers:541:7)
2026-05-16 09:12:39 [error]: Error: Connection timeout
    at TLSSocket.onTimeout (C:\Users\Immanuel\Desktop\CodeSage\Go-Eat\server\node_modules\@redis\client\lib\client\socket.ts:298:40)
    at Object.onceWrapper (node:events:622:28)
    at TLSSocket.emit (node:events:508:28)
    at TLSSocket.emit (node:domain:489:12)
    at TLSSocket.Socket._onTimeout (node:net:604:8)
    at listOnTimeout (node:internal/timers:605:17)
    at processTimers (node:internal/timers:541:7)
2026-05-16 09:12:45 [error]: Error: Connection timeout
    at TLSSocket.onTimeout (C:\Users\Immanuel\Desktop\CodeSage\Go-Eat\server\node_modules\@redis\client\lib\client\socket.ts:298:40)
    at Object.onceWrapper (node:events:622:28)
    at TLSSocket.emit (node:events:508:28)
    at TLSSocket.emit (node:domain:489:12)
    at TLSSocket.Socket._onTimeout (node:net:604:8)
    at listOnTimeout (node:internal/timers:605:17)
    at processTimers (node:internal/timers:541:7)
2026-05-16 09:12:52 [error]: Error: Connection timeout
    at TLSSocket.onTimeout (C:\Users\Immanuel\Desktop\CodeSage\Go-Eat\server\node_modules\@redis\client\lib\client\socket.ts:298:40)
    at Object.onceWrapper (node:events:622:28)
    at TLSSocket.emit (node:events:508:28)
    at TLSSocket.emit (node:domain:489:12)
    at TLSSocket.Socket._onTimeout (node:net:604:8)
    at listOnTimeout (node:internal/timers:605:17)
    at processTimers (node:internal/timers:541:7)
2026-05-16 09:12:59 [error]: Error: Connection timeout
    at TLSSocket.onTimeout (C:\Users\Immanuel\Desktop\CodeSage\Go-Eat\server\node_modules\@redis\client\lib\client\socket.ts:298:40)
    at Object.onceWrapper (node:events:622:28)
    at TLSSocket.emit (node:events:508:28)
    at TLSSocket.emit (node:domain:489:12)
    at TLSSocket.Socket._onTimeout (node:net:604:8)
    at listOnTimeout (node:internal/timers:605:17)
    at processTimers (node:internal/timers:541:7)
2026-05-16 09:13:02 [warn]: 	⚠️ MongoDB Disconnected
2026-05-16 09:13:09 [warn]: 	⚠️ Firebase service account not configured or using placeholder. Push notifications will be disabled.
2026-05-16 09:13:16 [error]: Error: Connection timeout
    at TLSSocket.onTimeout (C:\Users\Immanuel\Desktop\CodeSage\Go-Eat\server\node_modules\@redis\client\lib\client\socket.ts:298:40)
    at Object.onceWrapper (node:events:622:28)
    at TLSSocket.emit (node:events:508:28)
    at TLSSocket.emit (node:domain:489:12)
    at TLSSocket.Socket._onTimeout (node:net:604:8)
    at listOnTimeout (node:internal/timers:605:17)
    at processTimers (node:internal/timers:541:7)
2026-05-16 09:13:21 [error]: Error: Connection timeout
    at TLSSocket.onTimeout (C:\Users\Immanuel\Desktop\CodeSage\Go-Eat\server\node_modules\@redis\client\lib\client\socket.ts:298:40)
    at Object.onceWrapper (node:events:622:28)
    at TLSSocket.emit (node:events:508:28)
    at TLSSocket.emit (node:domain:489:12)
    at TLSSocket.Socket._onTimeout (node:net:604:8)
    at listOnTimeout (node:internal/timers:605:17)
    at processTimers (node:internal/timers:541:7)
2026-05-16 09:13:29 [error]: Error: Connection timeout
    at TLSSocket.onTimeout (C:\Users\Immanuel\Desktop\CodeSage\Go-Eat\server\node_modules\@redis\client\lib\client\socket.ts:298:40)
    at Object.onceWrapper (node:events:622:28)
    at TLSSocket.emit (node:events:508:28)
    at TLSSocket.emit (node:domain:489:12)
    at TLSSocket.Socket._onTimeout (node:net:604:8)
    at listOnTimeout (node:internal/timers:605:17)
    at processTimers (node:internal/timers:541:7)
2026-05-16 09:13:43 [warn]: 	⚠️ Firebase service account not configured or using placeholder. Push notifications will be disabled.
2026-05-16 09:13:48 [error]: Error: Connection timeout
    at TLSSocket.onTimeout (C:\Users\Immanuel\Desktop\CodeSage\Go-Eat\server\node_modules\@redis\client\lib\client\socket.ts:298:40)
    at Object.onceWrapper (node:events:622:28)
    at TLSSocket.emit (node:events:508:28)
    at TLSSocket.emit (node:domain:489:12)
    at TLSSocket.Socket._onTimeout (node:net:604:8)
    at listOnTimeout (node:internal/timers:605:17)
    at processTimers (node:internal/timers:541:7)
2026-05-16 09:13:53 [error]: Error: Connection timeout
    at TLSSocket.onTimeout (C:\Users\Immanuel\Desktop\CodeSage\Go-Eat\server\node_modules\@redis\client\lib\client\socket.ts:298:40)
    at Object.onceWrapper (node:events:622:28)
    at TLSSocket.emit (node:events:508:28)
    at TLSSocket.emit (node:domain:489:12)
    at TLSSocket.Socket._onTimeout (node:net:604:8)
    at listOnTimeout (node:internal/timers:605:17)
    at processTimers (node:internal/timers:541:7)
2026-05-16 09:13:55 [error]: Error: getaddrinfo ENOTFOUND magnetic-jackal-83413.upstash.io
    at GetAddrInfoReqWrap.onlookupall [as oncomplete] (node:dns:122:26)
2026-05-16 09:13:56 [error]: Error: getaddrinfo ENOTFOUND magnetic-jackal-83413.upstash.io
    at GetAddrInfoReqWrap.onlookupall [as oncomplete] (node:dns:122:26)
2026-05-16 09:13:56 [error]: Error: getaddrinfo ENOTFOUND magnetic-jackal-83413.upstash.io
    at GetAddrInfoReqWrap.onlookupall [as oncomplete] (node:dns:122:26)
2026-05-16 09:13:57 [error]: Error: getaddrinfo ENOTFOUND magnetic-jackal-83413.upstash.io
    at GetAddrInfoReqWrap.onlookupall [as oncomplete] (node:dns:122:26)
2026-05-16 09:13:57 [warn]: 	⚠️ MongoDB Disconnected
2026-05-16 09:15:51 [warn]: 	⚠️ Firebase service account not configured or using placeholder. Push notifications will be disabled.
2026-05-16 09:15:54 [info]: 	⚡ Redis Client Connected
2026-05-16 09:15:55 [info]: 	🚀 Server running in development mode on port 5000
2026-05-16 09:16:02 [info]: 	🚀 Connected to MongoDB: ac-hjwrplp-shard-00-00.dupeyhe.mongodb.net
2026-05-16 09:16:24 [warn]: 	⚠️ Firebase service account not configured or using placeholder. Push notifications will be disabled.
2026-05-16 09:16:28 [warn]: 	⚠️ MongoDB Disconnected
2026-05-16 09:16:39 [warn]: 	⚠️ Firebase service account not configured or using placeholder. Push notifications will be disabled.
2026-05-16 09:16:43 [warn]: 	⚠️ MongoDB Disconnected
2026-05-16 09:17:23 [warn]: 	⚠️ Firebase service account not configured or using placeholder. Push notifications will be disabled.
2026-05-16 09:17:28 [warn]: 	⚠️ MongoDB Disconnected
2026-05-16 09:18:55 [warn]: 	⚠️ Firebase service account not configured or using placeholder. Push notifications will be disabled.
2026-05-16 09:19:03 [error]: Error: Connection timeout
    at TLSSocket.onTimeout (C:\Users\Immanuel\Desktop\CodeSage\Go-Eat\server\node_modules\@redis\client\lib\client\socket.ts:298:40)
    at Object.onceWrapper (node:events:622:28)
    at TLSSocket.emit (node:events:508:28)
    at TLSSocket.emit (node:domain:489:12)
    at TLSSocket.Socket._onTimeout (node:net:604:8)
    at listOnTimeout (node:internal/timers:605:17)
    at processTimers (node:internal/timers:541:7)
2026-05-16 09:19:05 [warn]: 	⚠️ MongoDB Disconnected
2026-05-16 09:19:25 [warn]: 	⚠️ Firebase service account not configured or using placeholder. Push notifications will be disabled.
2026-05-16 09:19:31 [error]: Error: Connection timeout
    at TLSSocket.onTimeout (C:\Users\Immanuel\Desktop\CodeSage\Go-Eat\server\node_modules\@redis\client\lib\client\socket.ts:298:40)
    at Object.onceWrapper (node:events:622:28)
    at TLSSocket.emit (node:events:508:28)
    at TLSSocket.emit (node:domain:489:12)
    at TLSSocket.Socket._onTimeout (node:net:604:8)
    at listOnTimeout (node:internal/timers:605:17)
    at processTimers (node:internal/timers:541:7)
2026-05-16 09:19:36 [error]: Error: Connection timeout
    at TLSSocket.onTimeout (C:\Users\Immanuel\Desktop\CodeSage\Go-Eat\server\node_modules\@redis\client\lib\client\socket.ts:298:40)
    at Object.onceWrapper (node:events:622:28)
    at TLSSocket.emit (node:events:508:28)
    at TLSSocket.emit (node:domain:489:12)
    at TLSSocket.Socket._onTimeout (node:net:604:8)
    at listOnTimeout (node:internal/timers:605:17)
    at processTimers (node:internal/timers:541:7)
2026-05-16 09:19:41 [error]: Error: Connection timeout
    at TLSSocket.onTimeout (C:\Users\Immanuel\Desktop\CodeSage\Go-Eat\server\node_modules\@redis\client\lib\client\socket.ts:298:40)
    at Object.onceWrapper (node:events:622:28)
    at TLSSocket.emit (node:events:508:28)
    at TLSSocket.emit (node:domain:489:12)
    at TLSSocket.Socket._onTimeout (node:net:604:8)
    at listOnTimeout (node:internal/timers:605:17)
    at processTimers (node:internal/timers:541:7)
2026-05-16 09:19:47 [error]: Error: Connection timeout
    at TLSSocket.onTimeout (C:\Users\Immanuel\Desktop\CodeSage\Go-Eat\server\node_modules\@redis\client\lib\client\socket.ts:298:40)
    at Object.onceWrapper (node:events:622:28)
    at TLSSocket.emit (node:events:508:28)
    at TLSSocket.emit (node:domain:489:12)
    at TLSSocket.Socket._onTimeout (node:net:604:8)
    at listOnTimeout (node:internal/timers:605:17)
    at processTimers (node:internal/timers:541:7)
2026-05-16 09:19:52 [error]: Error: Connection timeout
    at TLSSocket.onTimeout (C:\Users\Immanuel\Desktop\CodeSage\Go-Eat\server\node_modules\@redis\client\lib\client\socket.ts:298:40)
    at Object.onceWrapper (node:events:622:28)
    at TLSSocket.emit (node:events:508:28)
    at TLSSocket.emit (node:domain:489:12)
    at TLSSocket.Socket._onTimeout (node:net:604:8)
    at listOnTimeout (node:internal/timers:605:17)
    at processTimers (node:internal/timers:541:7)
2026-05-16 09:19:58 [error]: Error: Connection timeout
    at TLSSocket.onTimeout (C:\Users\Immanuel\Desktop\CodeSage\Go-Eat\server\node_modules\@redis\client\lib\client\socket.ts:298:40)
    at Object.onceWrapper (node:events:622:28)
    at TLSSocket.emit (node:events:508:28)
    at TLSSocket.emit (node:domain:489:12)
    at TLSSocket.Socket._onTimeout (node:net:604:8)
    at listOnTimeout (node:internal/timers:605:17)
    at processTimers (node:internal/timers:541:7)
2026-05-16 09:20:05 [error]: Error: Connection timeout
    at TLSSocket.onTimeout (C:\Users\Immanuel\Desktop\CodeSage\Go-Eat\server\node_modules\@redis\client\lib\client\socket.ts:298:40)
    at Object.onceWrapper (node:events:622:28)
    at TLSSocket.emit (node:events:508:28)
    at TLSSocket.emit (node:domain:489:12)
    at TLSSocket.Socket._onTimeout (node:net:604:8)
    at listOnTimeout (node:internal/timers:605:17)
    at processTimers (node:internal/timers:541:7)
2026-05-16 09:20:12 [error]: Error: Connection timeout
    at TLSSocket.onTimeout (C:\Users\Immanuel\Desktop\CodeSage\Go-Eat\server\node_modules\@redis\client\lib\client\socket.ts:298:40)
    at Object.onceWrapper (node:events:622:28)
    at TLSSocket.emit (node:events:508:28)
    at TLSSocket.emit (node:domain:489:12)
    at TLSSocket.Socket._onTimeout (node:net:604:8)
    at listOnTimeout (node:internal/timers:605:17)
    at processTimers (node:internal/timers:541:7)
2026-05-16 09:20:13 [warn]: 	⚠️ MongoDB Disconnected
2026-05-16 09:21:14 [warn]: 	⚠️ Firebase service account not configured or using placeholder. Push notifications will be disabled.
2026-05-16 09:21:19 [error]: Error: getaddrinfo EAI_AGAIN magnetic-jackal-83413.upstash.io
    at GetAddrInfoReqWrap.onlookupall [as oncomplete] (node:dns:122:26)
2026-05-16 09:21:21 [error]: Error: getaddrinfo EAI_AGAIN magnetic-jackal-83413.upstash.io
    at GetAddrInfoReqWrap.onlookupall [as oncomplete] (node:dns:122:26)
2026-05-16 09:21:21 [error]: Error: getaddrinfo EAI_AGAIN magnetic-jackal-83413.upstash.io
    at GetAddrInfoReqWrap.onlookupall [as oncomplete] (node:dns:122:26)
2026-05-16 09:21:21 [error]: Error: getaddrinfo EAI_AGAIN magnetic-jackal-83413.upstash.io
    at GetAddrInfoReqWrap.onlookupall [as oncomplete] (node:dns:122:26)
2026-05-16 09:21:21 [error]: Error: getaddrinfo EAI_AGAIN magnetic-jackal-83413.upstash.io
    at GetAddrInfoReqWrap.onlookupall [as oncomplete] (node:dns:122:26)
2026-05-16 09:21:22 [error]: Error: getaddrinfo EAI_AGAIN magnetic-jackal-83413.upstash.io
    at GetAddrInfoReqWrap.onlookupall [as oncomplete] (node:dns:122:26)
2026-05-16 09:21:31 [error]: Error: Connection timeout
    at TLSSocket.onTimeout (C:\Users\Immanuel\Desktop\CodeSage\Go-Eat\server\node_modules\@redis\client\lib\client\socket.ts:298:40)
    at Object.onceWrapper (node:events:622:28)
    at TLSSocket.emit (node:events:508:28)
    at TLSSocket.emit (node:domain:489:12)
    at TLSSocket.Socket._onTimeout (node:net:604:8)
    at listOnTimeout (node:internal/timers:605:17)
    at processTimers (node:internal/timers:541:7)
2026-05-16 09:21:39 [error]: Error: Connection timeout
    at TLSSocket.onTimeout (C:\Users\Immanuel\Desktop\CodeSage\Go-Eat\server\node_modules\@redis\client\lib\client\socket.ts:298:40)
    at Object.onceWrapper (node:events:622:28)
    at TLSSocket.emit (node:events:508:28)
    at TLSSocket.emit (node:domain:489:12)
    at TLSSocket.Socket._onTimeout (node:net:604:8)
    at listOnTimeout (node:internal/timers:605:17)
    at processTimers (node:internal/timers:541:7)
2026-05-16 09:21:42 [error]: Error: getaddrinfo EAI_AGAIN magnetic-jackal-83413.upstash.io
    at GetAddrInfoReqWrap.onlookupall [as oncomplete] (node:dns:122:26)
2026-05-16 09:21:44 [error]: Error: getaddrinfo EAI_AGAIN magnetic-jackal-83413.upstash.io
    at GetAddrInfoReqWrap.onlookupall [as oncomplete] (node:dns:122:26)
2026-05-16 09:21:47 [warn]: 	⚠️ MongoDB Disconnected
2026-05-16 09:23:50 [warn]: 	⚠️ Firebase service account not configured or using placeholder. Push notifications will be disabled.
2026-05-16 09:23:59 [error]: Error: Connection timeout
    at TLSSocket.onTimeout (C:\Users\Immanuel\Desktop\CodeSage\Go-Eat\server\node_modules\@redis\client\lib\client\socket.ts:298:40)
    at Object.onceWrapper (node:events:622:28)
    at TLSSocket.emit (node:events:508:28)
    at TLSSocket.emit (node:domain:489:12)
    at TLSSocket.Socket._onTimeout (node:net:604:8)
    at listOnTimeout (node:internal/timers:605:17)
    at processTimers (node:internal/timers:541:7)
2026-05-16 09:24:05 [error]: Error: Connection timeout
    at TLSSocket.onTimeout (C:\Users\Immanuel\Desktop\CodeSage\Go-Eat\server\node_modules\@redis\client\lib\client\socket.ts:298:40)
    at Object.onceWrapper (node:events:622:28)
    at TLSSocket.emit (node:events:508:28)
    at TLSSocket.emit (node:domain:489:12)
    at TLSSocket.Socket._onTimeout (node:net:604:8)
    at listOnTimeout (node:internal/timers:605:17)
    at processTimers (node:internal/timers:541:7)
2026-05-16 09:24:10 [error]: Error: Connection timeout
    at TLSSocket.onTimeout (C:\Users\Immanuel\Desktop\CodeSage\Go-Eat\server\node_modules\@redis\client\lib\client\socket.ts:298:40)
    at Object.onceWrapper (node:events:622:28)
    at TLSSocket.emit (node:events:508:28)
    at TLSSocket.emit (node:domain:489:12)
    at TLSSocket.Socket._onTimeout (node:net:604:8)
    at listOnTimeout (node:internal/timers:605:17)
    at processTimers (node:internal/timers:541:7)
2026-05-16 09:24:23 [error]: Error: Connection timeout
    at TLSSocket.onTimeout (C:\Users\Immanuel\Desktop\CodeSage\Go-Eat\server\node_modules\@redis\client\lib\client\socket.ts:298:40)
    at Object.onceWrapper (node:events:622:28)
    at TLSSocket.emit (node:events:508:28)
    at TLSSocket.emit (node:domain:489:12)
    at TLSSocket.Socket._onTimeout (node:net:604:8)
    at listOnTimeout (node:internal/timers:605:17)
    at processTimers (node:internal/timers:541:7)
2026-05-16 09:24:35 [info]: 	⚡ Redis Client Connected
2026-05-16 09:24:39 [info]: 	🚀 Server running in development mode on port 5000
2026-05-16 09:24:50 [info]: 	🚀 Connected to MongoDB: ac-hjwrplp-shard-00-01.dupeyhe.mongodb.net
2026-05-16 09:28:40 [warn]: 	⚠️ Firebase service account not configured or using placeholder. Push notifications will be disabled.
2026-05-16 09:29:02 [error]: Error: Connection timeout
    at TLSSocket.onTimeout (C:\Users\Immanuel\Desktop\CodeSage\Go-Eat\server\node_modules\@redis\client\lib\client\socket.ts:298:40)
    at Object.onceWrapper (node:events:622:28)
    at TLSSocket.emit (node:events:508:28)
    at TLSSocket.emit (node:domain:489:12)
    at TLSSocket.Socket._onTimeout (node:net:604:8)
    at listOnTimeout (node:internal/timers:605:17)
    at processTimers (node:internal/timers:541:7)
2026-05-16 09:29:10 [error]: Error: Connection timeout
    at TLSSocket.onTimeout (C:\Users\Immanuel\Desktop\CodeSage\Go-Eat\server\node_modules\@redis\client\lib\client\socket.ts:298:40)
    at Object.onceWrapper (node:events:622:28)
    at TLSSocket.emit (node:events:508:28)
    at TLSSocket.emit (node:domain:489:12)
    at TLSSocket.Socket._onTimeout (node:net:604:8)
    at listOnTimeout (node:internal/timers:605:17)
    at processTimers (node:internal/timers:541:7)
2026-05-16 09:29:20 [error]: Error: Connection timeout
    at TLSSocket.onTimeout (C:\Users\Immanuel\Desktop\CodeSage\Go-Eat\server\node_modules\@redis\client\lib\client\socket.ts:298:40)
    at Object.onceWrapper (node:events:622:28)
    at TLSSocket.emit (node:events:508:28)
    at TLSSocket.emit (node:domain:489:12)
    at TLSSocket.Socket._onTimeout (node:net:604:8)
    at listOnTimeout (node:internal/timers:605:17)
    at processTimers (node:internal/timers:541:7)
2026-05-16 09:29:23 [warn]: 	⚠️ MongoDB Disconnected
2026-05-16 09:33:33 [warn]: 	⚠️ Firebase service account not configured or using placeholder. Push notifications will be disabled.
2026-05-16 09:33:38 [info]: 	⚡ Redis Client Connected
2026-05-16 09:33:39 [info]: 	🚀 Server running in development mode on port 5000
2026-05-16 09:33:41 [info]: 	🚀 Connected to MongoDB: ac-hjwrplp-shard-00-01.dupeyhe.mongodb.net
2026-05-16 09:38:54 [warn]: 	⚠️ Firebase service account not configured or using placeholder. Push notifications will be disabled.
2026-05-16 09:39:02 [info]: 	⚡ Redis Client Connected
2026-05-16 09:39:03 [info]: 	🚀 Server running in development mode on port 5000
2026-05-16 09:39:06 [info]: 	🚀 Connected to MongoDB: ac-hjwrplp-shard-00-02.dupeyhe.mongodb.net
2026-05-16 09:44:58 [info]: 	🔥 Firebase Admin initialized
2026-05-16 09:45:07 [info]: 	⚡ Redis Client Connected
2026-05-16 09:45:08 [info]: 	🚀 Server running in development mode on port 5000
2026-05-16 09:45:14 [info]: 	🚀 Connected to MongoDB: ac-hjwrplp-shard-00-01.dupeyhe.mongodb.net
2026-05-16 09:45:59 [info]: 	🔥 Firebase Admin initialized
2026-05-16 09:46:01 [info]: 	⚡ Redis Client Connected
2026-05-16 09:46:02 [info]: 	🚀 Server running in development mode on port 5000
2026-05-16 09:46:05 [info]: 	🚀 Connected to MongoDB: ac-hjwrplp-shard-00-01.dupeyhe.mongodb.net
2026-05-16 10:06:17 [info]: 	🔥 Firebase Admin initialized
2026-05-16 10:06:24 [info]: 	⚡ Redis Client Connected
2026-05-16 10:06:25 [info]: 	🚀 Server running in development mode on port 5000
2026-05-16 10:06:28 [info]: 	🚀 Connected to MongoDB: ac-hjwrplp-shard-00-02.dupeyhe.mongodb.net
2026-05-16 10:12:59 [info]: 	🔥 Firebase Admin initialized
2026-05-16 10:13:33 [error]: Error: Connection timeout
    at TLSSocket.onTimeout (C:\Users\Immanuel\Desktop\CodeSage\Go-Eat\server\node_modules\@redis\client\lib\client\socket.ts:298:40)
    at Object.onceWrapper (node:events:622:28)
    at TLSSocket.emit (node:events:508:28)
    at TLSSocket.emit (node:domain:489:12)
    at TLSSocket.Socket._onTimeout (node:net:604:8)
    at listOnTimeout (node:internal/timers:605:17)
    at processTimers (node:internal/timers:541:7)
2026-05-16 10:13:38 [info]: 	⚡ Redis Client Connected
2026-05-16 10:13:40 [info]: 	🚀 Server running in development mode on port 5000
2026-05-16 10:13:45 [info]: 	🚀 Connected to MongoDB: ac-hjwrplp-shard-00-02.dupeyhe.mongodb.net
2026-05-16 10:23:40 [info]: 	🔥 Firebase Admin initialized
2026-05-16 10:24:03 [error]: Error: Connection timeout
    at TLSSocket.onTimeout (C:\Users\Immanuel\Desktop\CodeSage\Go-Eat\server\node_modules\@redis\client\lib\client\socket.ts:298:40)
    at Object.onceWrapper (node:events:622:28)
    at TLSSocket.emit (node:events:508:28)
    at TLSSocket.emit (node:domain:489:12)
    at TLSSocket.Socket._onTimeout (node:net:604:8)
    at listOnTimeout (node:internal/timers:605:17)
    at processTimers (node:internal/timers:541:7)
2026-05-16 10:24:08 [error]: Error: Connection timeout
    at TLSSocket.onTimeout (C:\Users\Immanuel\Desktop\CodeSage\Go-Eat\server\node_modules\@redis\client\lib\client\socket.ts:298:40)
    at Object.onceWrapper (node:events:622:28)
    at TLSSocket.emit (node:events:508:28)
    at TLSSocket.emit (node:domain:489:12)
    at TLSSocket.Socket._onTimeout (node:net:604:8)
    at listOnTimeout (node:internal/timers:605:17)
    at processTimers (node:internal/timers:541:7)
2026-05-16 10:24:13 [error]: Error: Connection timeout
    at TLSSocket.onTimeout (C:\Users\Immanuel\Desktop\CodeSage\Go-Eat\server\node_modules\@redis\client\lib\client\socket.ts:298:40)
    at Object.onceWrapper (node:events:622:28)
    at TLSSocket.emit (node:events:508:28)
    at TLSSocket.emit (node:domain:489:12)
    at TLSSocket.Socket._onTimeout (node:net:604:8)
    at listOnTimeout (node:internal/timers:605:17)
    at processTimers (node:internal/timers:541:7)
2026-05-16 10:24:26 [error]: Error: Connection timeout
    at TLSSocket.onTimeout (C:\Users\Immanuel\Desktop\CodeSage\Go-Eat\server\node_modules\@redis\client\lib\client\socket.ts:298:40)
    at Object.onceWrapper (node:events:622:28)
    at TLSSocket.emit (node:events:508:28)
    at TLSSocket.emit (node:domain:489:12)
    at TLSSocket.Socket._onTimeout (node:net:604:8)
    at listOnTimeout (node:internal/timers:605:17)
    at processTimers (node:internal/timers:541:7)
2026-05-16 10:24:30 [info]: 	⚡ Redis Client Connected
2026-05-16 10:24:32 [info]: 	🚀 Server running in development mode on port 5000
2026-05-16 10:24:41 [info]: 	🚀 Connected to MongoDB: ac-hjwrplp-shard-00-00.dupeyhe.mongodb.net
2026-05-16 10:39:47 [info]: 	🔥 Firebase Admin initialized
2026-05-16 10:40:26 [info]: 	⚡ Redis Client Connected
2026-05-16 10:40:27 [info]: 	🚀 Server running in development mode on port 5000
2026-05-16 10:40:35 [info]: 	🚀 Connected to MongoDB: ac-hjwrplp-shard-00-01.dupeyhe.mongodb.net
2026-05-16 10:51:06 [info]: 	🔥 Firebase Admin initialized
2026-05-16 10:51:20 [info]: 	⚡ Redis Client Connected
2026-05-16 10:51:21 [info]: 	🚀 Server running in development mode on port 5000
2026-05-16 10:52:00 [info]: 	🔥 Firebase Admin initialized
2026-05-16 10:52:24 [info]: 	🔥 Firebase Admin initialized
2026-05-16 10:52:31 [info]: 	⚡ Redis Client Connected
2026-05-16 10:52:56 [info]: 	🔥 Firebase Admin initialized
2026-05-16 10:53:29 [info]: 	🔥 Firebase Admin initialized
2026-05-16 10:53:36 [error]: Error: Connection timeout
    at TLSSocket.onTimeout (C:\Users\Immanuel\Desktop\CodeSage\Go-Eat\server\node_modules\@redis\client\lib\client\socket.ts:298:40)
    at Object.onceWrapper (node:events:622:28)
    at TLSSocket.emit (node:events:508:28)
    at TLSSocket.emit (node:domain:489:12)
    at TLSSocket.Socket._onTimeout (node:net:604:8)
    at listOnTimeout (node:internal/timers:605:17)
    at processTimers (node:internal/timers:541:7)
2026-05-16 10:54:03 [info]: 	🔥 Firebase Admin initialized
2026-05-16 10:54:12 [info]: 	⚡ Redis Client Connected
2026-05-16 10:54:12 [info]: 	🚀 Server running in development mode on port 5000
2026-05-16 10:54:32 [info]: 	🔥 Firebase Admin initialized
2026-05-16 10:54:51 [info]: 	🔥 Firebase Admin initialized
2026-05-16 10:54:58 [info]: 	⚡ Redis Client Connected
2026-05-16 10:55:00 [info]: 	🚀 Server running in development mode on port 5000
2026-05-16 10:56:34 [info]: 	🔥 Firebase Admin initialized
2026-05-16 10:56:55 [info]: 	🔥 Firebase Admin initialized
2026-05-16 10:57:05 [info]: 	⚡ Redis Client Connected
2026-05-16 10:57:22 [info]: 	🔥 Firebase Admin initialized
2026-05-16 10:57:26 [info]: 	⚡ Redis Client Connected
2026-05-16 10:57:26 [info]: 	🚀 Server running in development mode on port 5000
2026-05-16 10:57:45 [info]: 	🔥 Firebase Admin initialized
2026-05-16 10:57:51 [info]: 	⚡ Redis Client Connected
2026-05-16 10:57:54 [info]: 	🚀 Server running in development mode on port 5000
2026-05-16 10:58:01 [info]: 	🚀 Connected to MongoDB: ac-hjwrplp-shard-00-00.dupeyhe.mongodb.net
2026-05-16 10:59:20 [info]: 	🔥 Firebase Admin initialized
2026-05-16 10:59:32 [error]: Error: Connection timeout
    at TLSSocket.onTimeout (C:\Users\Immanuel\Desktop\CodeSage\Go-Eat\server\node_modules\@redis\client\lib\client\socket.ts:298:40)
    at Object.onceWrapper (node:events:622:28)
    at TLSSocket.emit (node:events:508:28)
    at TLSSocket.emit (node:domain:489:12)
    at TLSSocket.Socket._onTimeout (node:net:604:8)
    at listOnTimeout (node:internal/timers:605:17)
    at processTimers (node:internal/timers:541:7)
2026-05-16 10:59:35 [info]: 	⚡ Redis Client Connected
2026-05-16 10:59:36 [info]: 	🚀 Server running in development mode on port 5000
2026-05-16 10:59:41 [info]: 	🚀 Connected to MongoDB: ac-hjwrplp-shard-00-01.dupeyhe.mongodb.net
2026-05-16 18:50:57 [error]: Error: read ECONNRESET
    at TLSWrap.onStreamRead (node:internal/stream_base_commons:216:20)
2026-05-16 18:50:57 [info]: 	⚡ MongoDB Reconnected
2026-05-16 18:50:57 [info]: 	⚡ MongoDB Reconnected
2026-05-16 18:50:57 [error]: Error: getaddrinfo ENOTFOUND magnetic-jackal-83413.upstash.io
    at GetAddrInfoReqWrap.onlookupall [as oncomplete] (node:dns:122:26)
2026-05-16 18:50:58 [error]: Error: getaddrinfo ENOTFOUND magnetic-jackal-83413.upstash.io
    at GetAddrInfoReqWrap.onlookupall [as oncomplete] (node:dns:122:26)
2026-05-16 18:50:58 [error]: Error: getaddrinfo ENOTFOUND magnetic-jackal-83413.upstash.io
    at GetAddrInfoReqWrap.onlookupall [as oncomplete] (node:dns:122:26)
2026-05-16 18:50:58 [error]: Error: getaddrinfo ENOTFOUND magnetic-jackal-83413.upstash.io
    at GetAddrInfoReqWrap.onlookupall [as oncomplete] (node:dns:122:26)
2026-05-16 18:50:59 [error]: Error: getaddrinfo ENOTFOUND magnetic-jackal-83413.upstash.io
    at GetAddrInfoReqWrap.onlookupall [as oncomplete] (node:dns:122:26)
2026-05-16 18:51:00 [error]: Error: getaddrinfo ENOTFOUND magnetic-jackal-83413.upstash.io
    at GetAddrInfoReqWrap.onlookupall [as oncomplete] (node:dns:122:26)
2026-05-16 18:51:01 [error]: Error: getaddrinfo ENOTFOUND magnetic-jackal-83413.upstash.io
    at GetAddrInfoReqWrap.onlookupall [as oncomplete] (node:dns:122:26)
2026-05-16 18:51:03 [error]: Error: getaddrinfo ENOTFOUND magnetic-jackal-83413.upstash.io
    at GetAddrInfoReqWrap.onlookupall [as oncomplete] (node:dns:122:26)
2026-05-16 18:51:06 [error]: Error: getaddrinfo ENOTFOUND magnetic-jackal-83413.upstash.io
    at GetAddrInfoReqWrap.onlookupall [as oncomplete] (node:dns:122:26)
2026-05-16 18:51:08 [error]: Error: getaddrinfo ENOTFOUND magnetic-jackal-83413.upstash.io
    at GetAddrInfoReqWrap.onlookupall [as oncomplete] (node:dns:122:26)
2026-05-16 18:51:10 [error]: Error: getaddrinfo ENOTFOUND magnetic-jackal-83413.upstash.io
    at GetAddrInfoReqWrap.onlookupall [as oncomplete] (node:dns:122:26)
2026-05-16 18:51:12 [error]: Error: getaddrinfo ENOTFOUND magnetic-jackal-83413.upstash.io
    at GetAddrInfoReqWrap.onlookupall [as oncomplete] (node:dns:122:26)
2026-05-16 18:51:14 [error]: Error: getaddrinfo ENOTFOUND magnetic-jackal-83413.upstash.io
    at GetAddrInfoReqWrap.onlookupall [as oncomplete] (node:dns:122:26)
2026-05-16 18:51:17 [error]: Error: getaddrinfo ENOTFOUND magnetic-jackal-83413.upstash.io
    at GetAddrInfoReqWrap.onlookupall [as oncomplete] (node:dns:122:26)
2026-05-16 18:51:19 [error]: Error: getaddrinfo ENOTFOUND magnetic-jackal-83413.upstash.io
    at GetAddrInfoReqWrap.onlookupall [as oncomplete] (node:dns:122:26)
2026-05-16 18:51:21 [error]: Error: getaddrinfo ENOTFOUND magnetic-jackal-83413.upstash.io
    at GetAddrInfoReqWrap.onlookupall [as oncomplete] (node:dns:122:26)
2026-05-16 18:51:23 [error]: Error: getaddrinfo ENOTFOUND magnetic-jackal-83413.upstash.io
    at GetAddrInfoReqWrap.onlookupall [as oncomplete] (node:dns:122:26)
2026-05-16 18:51:26 [error]: Error: getaddrinfo ENOTFOUND magnetic-jackal-83413.upstash.io
    at GetAddrInfoReqWrap.onlookupall [as oncomplete] (node:dns:122:26)
2026-05-16 18:51:28 [error]: Error: getaddrinfo ENOTFOUND magnetic-jackal-83413.upstash.io
    at GetAddrInfoReqWrap.onlookupall [as oncomplete] (node:dns:122:26)
2026-05-16 18:51:30 [error]: Error: getaddrinfo ENOTFOUND magnetic-jackal-83413.upstash.io
    at GetAddrInfoReqWrap.onlookupall [as oncomplete] (node:dns:122:26)
2026-05-16 18:51:32 [error]: Error: getaddrinfo ENOTFOUND magnetic-jackal-83413.upstash.io
    at GetAddrInfoReqWrap.onlookupall [as oncomplete] (node:dns:122:26)
2026-05-16 18:51:34 [error]: Error: getaddrinfo ENOTFOUND magnetic-jackal-83413.upstash.io
    at GetAddrInfoReqWrap.onlookupall [as oncomplete] (node:dns:122:26)
2026-05-16 18:51:36 [error]: Error: getaddrinfo ENOTFOUND magnetic-jackal-83413.upstash.io
    at GetAddrInfoReqWrap.onlookupall [as oncomplete] (node:dns:122:26)
2026-05-16 18:51:38 [error]: Error: getaddrinfo ENOTFOUND magnetic-jackal-83413.upstash.io
    at GetAddrInfoReqWrap.onlookupall [as oncomplete] (node:dns:122:26)
2026-05-16 18:51:40 [error]: Error: getaddrinfo ENOTFOUND magnetic-jackal-83413.upstash.io
    at GetAddrInfoReqWrap.onlookupall [as oncomplete] (node:dns:122:26)
2026-05-16 18:51:43 [error]: Error: getaddrinfo ENOTFOUND magnetic-jackal-83413.upstash.io
    at GetAddrInfoReqWrap.onlookupall [as oncomplete] (node:dns:122:26)
2026-05-16 18:51:45 [error]: Error: getaddrinfo ENOTFOUND magnetic-jackal-83413.upstash.io
    at GetAddrInfoReqWrap.onlookupall [as oncomplete] (node:dns:122:26)
2026-05-16 18:51:47 [error]: Error: getaddrinfo ENOTFOUND magnetic-jackal-83413.upstash.io
    at GetAddrInfoReqWrap.onlookupall [as oncomplete] (node:dns:122:26)
2026-05-16 18:51:49 [error]: Error: getaddrinfo ENOTFOUND magnetic-jackal-83413.upstash.io
    at GetAddrInfoReqWrap.onlookupall [as oncomplete] (node:dns:122:26)
2026-05-17 11:37:58 [error]: Error: getaddrinfo ENOTFOUND magnetic-jackal-83413.upstash.io
    at GetAddrInfoReqWrap.onlookupall [as oncomplete] (node:dns:122:26)
2026-05-17 11:38:00 [error]: Error: getaddrinfo ENOTFOUND magnetic-jackal-83413.upstash.io
    at GetAddrInfoReqWrap.onlookupall [as oncomplete] (node:dns:122:26)
2026-05-17 11:38:02 [error]: Error: getaddrinfo ENOTFOUND magnetic-jackal-83413.upstash.io
    at GetAddrInfoReqWrap.onlookupall [as oncomplete] (node:dns:122:26)
2026-05-17 11:38:04 [error]: Error: getaddrinfo ENOTFOUND magnetic-jackal-83413.upstash.io
    at GetAddrInfoReqWrap.onlookupall [as oncomplete] (node:dns:122:26)
2026-05-17 11:38:06 [error]: Error: getaddrinfo ENOTFOUND magnetic-jackal-83413.upstash.io
    at GetAddrInfoReqWrap.onlookupall [as oncomplete] (node:dns:122:26)
2026-05-17 11:38:09 [error]: Error: getaddrinfo ENOTFOUND magnetic-jackal-83413.upstash.io
    at GetAddrInfoReqWrap.onlookupall [as oncomplete] (node:dns:122:26)
2026-05-17 11:38:11 [error]: Error: getaddrinfo ENOTFOUND magnetic-jackal-83413.upstash.io
    at GetAddrInfoReqWrap.onlookupall [as oncomplete] (node:dns:122:26)
2026-05-17 11:38:13 [error]: Error: getaddrinfo ENOTFOUND magnetic-jackal-83413.upstash.io
    at GetAddrInfoReqWrap.onlookupall [as oncomplete] (node:dns:122:26)
2026-05-17 11:38:15 [error]: Error: getaddrinfo ENOTFOUND magnetic-jackal-83413.upstash.io
    at GetAddrInfoReqWrap.onlookupall [as oncomplete] (node:dns:122:26)
2026-05-17 11:38:24 [error]: Error: getaddrinfo ENOTFOUND magnetic-jackal-83413.upstash.io
    at GetAddrInfoReqWrap.onlookupall [as oncomplete] (node:dns:122:26)
2026-05-17 11:38:26 [error]: Error: getaddrinfo ENOTFOUND magnetic-jackal-83413.upstash.io
    at GetAddrInfoReqWrap.onlookupall [as oncomplete] (node:dns:122:26)
2026-05-17 11:38:28 [error]: Error: getaddrinfo ENOTFOUND magnetic-jackal-83413.upstash.io
    at GetAddrInfoReqWrap.onlookupall [as oncomplete] (node:dns:122:26)
2026-05-17 11:38:30 [error]: Error: getaddrinfo ENOTFOUND magnetic-jackal-83413.upstash.io
    at GetAddrInfoReqWrap.onlookupall [as oncomplete] (node:dns:122:26)
2026-05-17 11:38:32 [error]: Error: getaddrinfo ENOTFOUND magnetic-jackal-83413.upstash.io
    at GetAddrInfoReqWrap.onlookupall [as oncomplete] (node:dns:122:26)
2026-05-17 11:38:34 [error]: Error: getaddrinfo ENOTFOUND magnetic-jackal-83413.upstash.io
    at GetAddrInfoReqWrap.onlookupall [as oncomplete] (node:dns:122:26)
2026-05-17 11:38:36 [error]: Error: getaddrinfo ENOTFOUND magnetic-jackal-83413.upstash.io
    at GetAddrInfoReqWrap.onlookupall [as oncomplete] (node:dns:122:26)
2026-05-17 11:38:39 [error]: Error: getaddrinfo ENOTFOUND magnetic-jackal-83413.upstash.io
    at GetAddrInfoReqWrap.onlookupall [as oncomplete] (node:dns:122:26)
2026-05-17 11:38:41 [error]: Error: getaddrinfo ENOTFOUND magnetic-jackal-83413.upstash.io
    at GetAddrInfoReqWrap.onlookupall [as oncomplete] (node:dns:122:26)
2026-05-17 11:38:43 [error]: Error: getaddrinfo ENOTFOUND magnetic-jackal-83413.upstash.io
    at GetAddrInfoReqWrap.onlookupall [as oncomplete] (node:dns:122:26)
2026-05-17 11:38:45 [error]: Error: getaddrinfo ENOTFOUND magnetic-jackal-83413.upstash.io
    at GetAddrInfoReqWrap.onlookupall [as oncomplete] (node:dns:122:26)
2026-05-17 11:38:47 [error]: Error: getaddrinfo ENOTFOUND magnetic-jackal-83413.upstash.io
    at GetAddrInfoReqWrap.onlookupall [as oncomplete] (node:dns:122:26)
2026-05-17 11:38:49 [error]: Error: getaddrinfo ENOTFOUND magnetic-jackal-83413.upstash.io
    at GetAddrInfoReqWrap.onlookupall [as oncomplete] (node:dns:122:26)
2026-05-17 11:38:51 [error]: Error: getaddrinfo ENOTFOUND magnetic-jackal-83413.upstash.io
    at GetAddrInfoReqWrap.onlookupall [as oncomplete] (node:dns:122:26)
2026-05-17 11:38:53 [error]: Error: getaddrinfo ENOTFOUND magnetic-jackal-83413.upstash.io
    at GetAddrInfoReqWrap.onlookupall [as oncomplete] (node:dns:122:26)
2026-05-17 11:38:55 [error]: Error: getaddrinfo ENOTFOUND magnetic-jackal-83413.upstash.io
    at GetAddrInfoReqWrap.onlookupall [as oncomplete] (node:dns:122:26)
2026-05-17 11:38:57 [error]: Error: getaddrinfo ENOTFOUND magnetic-jackal-83413.upstash.io
    at GetAddrInfoReqWrap.onlookupall [as oncomplete] (node:dns:122:26)
2026-05-17 11:39:00 [error]: Error: getaddrinfo ENOTFOUND magnetic-jackal-83413.upstash.io
    at GetAddrInfoReqWrap.onlookupall [as oncomplete] (node:dns:122:26)
2026-05-17 11:39:02 [error]: Error: getaddrinfo ENOTFOUND magnetic-jackal-83413.upstash.io
    at GetAddrInfoReqWrap.onlookupall [as oncomplete] (node:dns:122:26)
2026-05-17 11:39:04 [error]: Error: getaddrinfo ENOTFOUND magnetic-jackal-83413.upstash.io
    at GetAddrInfoReqWrap.onlookupall [as oncomplete] (node:dns:122:26)
2026-05-17 11:39:06 [error]: Error: getaddrinfo ENOTFOUND magnetic-jackal-83413.upstash.io
    at GetAddrInfoReqWrap.onlookupall [as oncomplete] (node:dns:122:26)
2026-05-17 11:39:08 [error]: Error: getaddrinfo ENOTFOUND magnetic-jackal-83413.upstash.io
    at GetAddrInfoReqWrap.onlookupall [as oncomplete] (node:dns:122:26)
2026-05-17 11:39:10 [error]: Error: getaddrinfo ENOTFOUND magnetic-jackal-83413.upstash.io
    at GetAddrInfoReqWrap.onlookupall [as oncomplete] (node:dns:122:26)
2026-05-17 11:39:12 [error]: Error: getaddrinfo ENOTFOUND magnetic-jackal-83413.upstash.io
    at GetAddrInfoReqWrap.onlookupall [as oncomplete] (node:dns:122:26)
2026-05-17 11:39:14 [error]: Error: getaddrinfo ENOTFOUND magnetic-jackal-83413.upstash.io
    at GetAddrInfoReqWrap.onlookupall [as oncomplete] (node:dns:122:26)
2026-05-17 11:39:16 [error]: Error: getaddrinfo ENOTFOUND magnetic-jackal-83413.upstash.io
    at GetAddrInfoReqWrap.onlookupall [as oncomplete] (node:dns:122:26)
2026-05-17 11:39:18 [error]: Error: getaddrinfo ENOTFOUND magnetic-jackal-83413.upstash.io
    at GetAddrInfoReqWrap.onlookupall [as oncomplete] (node:dns:122:26)
2026-05-17 11:39:20 [error]: Error: getaddrinfo ENOTFOUND magnetic-jackal-83413.upstash.io
    at GetAddrInfoReqWrap.onlookupall [as oncomplete] (node:dns:122:26)
2026-05-17 11:39:23 [error]: Error: getaddrinfo ENOTFOUND magnetic-jackal-83413.upstash.io
    at GetAddrInfoReqWrap.onlookupall [as oncomplete] (node:dns:122:26)
2026-05-17 11:39:25 [error]: Error: getaddrinfo ENOTFOUND magnetic-jackal-83413.upstash.io
    at GetAddrInfoReqWrap.onlookupall [as oncomplete] (node:dns:122:26)
2026-05-17 11:39:27 [error]: Error: getaddrinfo ENOTFOUND magnetic-jackal-83413.upstash.io
    at GetAddrInfoReqWrap.onlookupall [as oncomplete] (node:dns:122:26)
2026-05-17 11:39:29 [error]: Error: getaddrinfo ENOTFOUND magnetic-jackal-83413.upstash.io
    at GetAddrInfoReqWrap.onlookupall [as oncomplete] (node:dns:122:26)
2026-05-17 11:39:31 [error]: Error: getaddrinfo ENOTFOUND magnetic-jackal-83413.upstash.io
    at GetAddrInfoReqWrap.onlookupall [as oncomplete] (node:dns:122:26)
2026-05-17 11:39:33 [error]: Error: getaddrinfo ENOTFOUND magnetic-jackal-83413.upstash.io
    at GetAddrInfoReqWrap.onlookupall [as oncomplete] (node:dns:122:26)
2026-05-17 11:39:35 [error]: Error: getaddrinfo ENOTFOUND magnetic-jackal-83413.upstash.io
    at GetAddrInfoReqWrap.onlookupall [as oncomplete] (node:dns:122:26)
2026-05-17 11:39:37 [error]: Error: getaddrinfo ENOTFOUND magnetic-jackal-83413.upstash.io
    at GetAddrInfoReqWrap.onlookupall [as oncomplete] (node:dns:122:26)
2026-05-17 11:39:39 [error]: Error: getaddrinfo ENOTFOUND magnetic-jackal-83413.upstash.io
    at GetAddrInfoReqWrap.onlookupall [as oncomplete] (node:dns:122:26)
2026-05-17 11:39:41 [error]: Error: getaddrinfo ENOTFOUND magnetic-jackal-83413.upstash.io
    at GetAddrInfoReqWrap.onlookupall [as oncomplete] (node:dns:122:26)
2026-05-17 11:39:44 [error]: Error: getaddrinfo ENOTFOUND magnetic-jackal-83413.upstash.io
    at GetAddrInfoReqWrap.onlookupall [as oncomplete] (node:dns:122:26)
2026-05-17 11:39:46 [error]: Error: getaddrinfo ENOTFOUND magnetic-jackal-83413.upstash.io
    at GetAddrInfoReqWrap.onlookupall [as oncomplete] (node:dns:122:26)
2026-05-17 11:39:48 [error]: Error: getaddrinfo ENOTFOUND magnetic-jackal-83413.upstash.io
    at GetAddrInfoReqWrap.onlookupall [as oncomplete] (node:dns:122:26)
2026-05-17 11:39:53 [error]: Error: getaddrinfo EAI_AGAIN magnetic-jackal-83413.upstash.io
    at GetAddrInfoReqWrap.onlookupall [as oncomplete] (node:dns:122:26)
2026-05-17 11:39:57 [error]: Error: getaddrinfo EAI_AGAIN magnetic-jackal-83413.upstash.io
    at GetAddrInfoReqWrap.onlookupall [as oncomplete] (node:dns:122:26)
2026-05-17 11:40:03 [error]: Error: getaddrinfo EAI_AGAIN magnetic-jackal-83413.upstash.io
    at GetAddrInfoReqWrap.onlookupall [as oncomplete] (node:dns:122:26)
2026-05-17 11:40:05 [error]: Error: getaddrinfo EAI_AGAIN magnetic-jackal-83413.upstash.io
    at GetAddrInfoReqWrap.onlookupall [as oncomplete] (node:dns:122:26)
2026-05-17 11:40:09 [warn]: 	⚠️ MongoDB Disconnected
2026-05-17 11:40:10 [info]: 	⚡ Redis Client Connected
2026-05-17 11:40:12 [info]: 	⚡ MongoDB Reconnected
2026-05-17 11:42:00 [info]: 	⚡ MongoDB Reconnected
2026-05-17 11:42:00 [info]: 	⚡ MongoDB Reconnected
2026-05-17 11:45:30 [warn]: 	⚠️ MongoDB Disconnected
2026-05-17 11:45:42 [info]: 	⚡ MongoDB Reconnected
2026-05-17 11:47:53 [info]: 	🔥 Firebase Admin initialized
2026-05-17 11:47:59 [error]: Error: Connection timeout
    at TLSSocket.onTimeout (C:\Users\Immanuel\Desktop\CodeSage\Go-Eat\server\node_modules\@redis\client\lib\client\socket.ts:298:40)
    at Object.onceWrapper (node:events:622:28)
    at TLSSocket.emit (node:events:508:28)
    at TLSSocket.emit (node:domain:489:12)
    at TLSSocket.Socket._onTimeout (node:net:604:8)
    at listOnTimeout (node:internal/timers:605:17)
    at processTimers (node:internal/timers:541:7)
2026-05-17 11:48:13 [info]: 	🔥 Firebase Admin initialized
2026-05-17 11:48:20 [info]: 	🚀 Connected to MongoDB: ac-hjwrplp-shard-00-01.dupeyhe.mongodb.net
2026-05-17 11:48:20 [info]: 	⚡ Redis Client Connected
2026-05-17 11:48:21 [info]: 	🚀 Server running in development mode on port 5000
2026-05-17 11:48:24 [warn]: 	⚠️ MongoDB Disconnected
2026-05-17 11:48:25 [error]: Error: read ECONNRESET
    at TLSWrap.onStreamRead (node:internal/stream_base_commons:216:20)
2026-05-17 11:48:25 [error]: Error: getaddrinfo ENOTFOUND magnetic-jackal-83413.upstash.io
    at GetAddrInfoReqWrap.onlookupall [as oncomplete] (node:dns:122:26)
2026-05-17 11:48:25 [error]: Error: getaddrinfo ENOTFOUND magnetic-jackal-83413.upstash.io
    at GetAddrInfoReqWrap.onlookupall [as oncomplete] (node:dns:122:26)
2026-05-17 11:48:25 [error]: Error: getaddrinfo ENOTFOUND magnetic-jackal-83413.upstash.io
    at GetAddrInfoReqWrap.onlookupall [as oncomplete] (node:dns:122:26)
2026-05-17 11:48:26 [error]: Error: getaddrinfo ENOTFOUND magnetic-jackal-83413.upstash.io
    at GetAddrInfoReqWrap.onlookupall [as oncomplete] (node:dns:122:26)
2026-05-17 11:48:26 [error]: Error: getaddrinfo ENOTFOUND magnetic-jackal-83413.upstash.io
    at GetAddrInfoReqWrap.onlookupall [as oncomplete] (node:dns:122:26)
2026-05-17 11:48:27 [error]: Error: getaddrinfo ENOTFOUND magnetic-jackal-83413.upstash.io
    at GetAddrInfoReqWrap.onlookupall [as oncomplete] (node:dns:122:26)
2026-05-17 11:48:29 [error]: Error: getaddrinfo ENOTFOUND magnetic-jackal-83413.upstash.io
    at GetAddrInfoReqWrap.onlookupall [as oncomplete] (node:dns:122:26)
2026-05-17 11:48:31 [error]: Error: getaddrinfo ENOTFOUND magnetic-jackal-83413.upstash.io
    at GetAddrInfoReqWrap.onlookupall [as oncomplete] (node:dns:122:26)
2026-05-17 11:48:33 [error]: Error: getaddrinfo ENOTFOUND magnetic-jackal-83413.upstash.io
    at GetAddrInfoReqWrap.onlookupall [as oncomplete] (node:dns:122:26)
2026-05-17 11:48:35 [error]: Error: getaddrinfo ENOTFOUND magnetic-jackal-83413.upstash.io
    at GetAddrInfoReqWrap.onlookupall [as oncomplete] (node:dns:122:26)
2026-05-17 11:48:37 [error]: Error: getaddrinfo ENOTFOUND magnetic-jackal-83413.upstash.io
    at GetAddrInfoReqWrap.onlookupall [as oncomplete] (node:dns:122:26)
2026-05-17 11:48:41 [error]: Error: getaddrinfo ENOTFOUND magnetic-jackal-83413.upstash.io
    at GetAddrInfoReqWrap.onlookupall [as oncomplete] (node:dns:122:26)
2026-05-17 11:48:43 [error]: Error: getaddrinfo ENOTFOUND magnetic-jackal-83413.upstash.io
    at GetAddrInfoReqWrap.onlookupall [as oncomplete] (node:dns:122:26)
2026-05-17 11:48:45 [error]: Error: getaddrinfo ENOTFOUND magnetic-jackal-83413.upstash.io
    at GetAddrInfoReqWrap.onlookupall [as oncomplete] (node:dns:122:26)
2026-05-17 11:48:48 [error]: Error: getaddrinfo ENOTFOUND magnetic-jackal-83413.upstash.io
    at GetAddrInfoReqWrap.onlookupall [as oncomplete] (node:dns:122:26)
2026-05-17 11:48:50 [error]: Error: getaddrinfo ENOTFOUND magnetic-jackal-83413.upstash.io
    at GetAddrInfoReqWrap.onlookupall [as oncomplete] (node:dns:122:26)
2026-05-17 11:48:52 [error]: Error: getaddrinfo ENOTFOUND magnetic-jackal-83413.upstash.io
    at GetAddrInfoReqWrap.onlookupall [as oncomplete] (node:dns:122:26)
2026-05-17 11:48:54 [error]: Error: getaddrinfo ENOTFOUND magnetic-jackal-83413.upstash.io
    at GetAddrInfoReqWrap.onlookupall [as oncomplete] (node:dns:122:26)
2026-05-17 11:48:59 [info]: 	⚡ Redis Client Connected
2026-05-17 11:49:01 [info]: 	⚡ MongoDB Reconnected
2026-05-17 11:53:29 [info]: 	🔥 Firebase Admin initialized
2026-05-17 11:53:44 [info]: 	🔥 Firebase Admin initialized
2026-05-17 11:53:49 [info]: 	⚡ Redis Client Connected
2026-05-17 11:53:49 [info]: 	🚀 Server running in development mode on port 5000
2026-05-17 11:53:52 [info]: 	🚀 Connected to MongoDB: ac-hjwrplp-shard-00-02.dupeyhe.mongodb.net
2026-05-17 12:06:55 [info]: 	🔥 Firebase Admin initialized
2026-05-17 12:07:15 [error]: Error: Connection timeout
    at TLSSocket.onTimeout (C:\Users\Immanuel\Desktop\CodeSage\Go-Eat\server\node_modules\@redis\client\lib\client\socket.ts:298:40)
    at Object.onceWrapper (node:events:622:28)
    at TLSSocket.emit (node:events:508:28)
    at TLSSocket.emit (node:domain:489:12)
    at TLSSocket.Socket._onTimeout (node:net:604:8)
    at listOnTimeout (node:internal/timers:605:17)
    at processTimers (node:internal/timers:541:7)
2026-05-17 12:07:20 [error]: Error: Connection timeout
    at TLSSocket.onTimeout (C:\Users\Immanuel\Desktop\CodeSage\Go-Eat\server\node_modules\@redis\client\lib\client\socket.ts:298:40)
    at Object.onceWrapper (node:events:622:28)
    at TLSSocket.emit (node:events:508:28)
    at TLSSocket.emit (node:domain:489:12)
    at TLSSocket.Socket._onTimeout (node:net:604:8)
    at listOnTimeout (node:internal/timers:605:17)
    at processTimers (node:internal/timers:541:7)
2026-05-17 12:07:23 [info]: 	⚡ Redis Client Connected
2026-05-17 12:07:24 [info]: 	🚀 Server running in development mode on port 5000
2026-05-17 12:07:30 [info]: 	🚀 Connected to MongoDB: ac-hjwrplp-shard-00-01.dupeyhe.mongodb.net
2026-05-17 12:16:54 [info]: 	🔥 Firebase Admin initialized
2026-05-17 12:17:06 [info]: 	⚡ Redis Client Connected
2026-05-17 12:17:07 [info]: 	🚀 Server running in development mode on port 5000
2026-05-17 12:17:10 [info]: 	🚀 Connected to MongoDB: ac-hjwrplp-shard-00-00.dupeyhe.mongodb.net
2026-06-21 18:19:59 [info]: 	🔥 Firebase Admin initialized
2026-06-21 18:20:11 [error]: Error: Connection timeout
    at TLSSocket.onTimeout (C:\Users\Immanuel\Desktop\CodeSage\Go-Eat\server\node_modules\@redis\client\lib\client\socket.ts:298:40)
    at Object.onceWrapper (node:events:622:28)
    at TLSSocket.emit (node:events:508:28)
    at TLSSocket.emit (node:domain:489:12)
    at TLSSocket.Socket._onTimeout (node:net:604:8)
    at listOnTimeout (node:internal/timers:605:17)
    at processTimers (node:internal/timers:541:7)
2026-06-21 18:20:16 [error]: Error: Connection timeout
    at TLSSocket.onTimeout (C:\Users\Immanuel\Desktop\CodeSage\Go-Eat\server\node_modules\@redis\client\lib\client\socket.ts:298:40)
    at Object.onceWrapper (node:events:622:28)
    at TLSSocket.emit (node:events:508:28)
    at TLSSocket.emit (node:domain:489:12)
    at TLSSocket.Socket._onTimeout (node:net:604:8)
    at listOnTimeout (node:internal/timers:605:17)
    at processTimers (node:internal/timers:541:7)
2026-06-21 18:20:21 [error]: Error: Connection timeout
    at TLSSocket.onTimeout (C:\Users\Immanuel\Desktop\CodeSage\Go-Eat\server\node_modules\@redis\client\lib\client\socket.ts:298:40)
    at Object.onceWrapper (node:events:622:28)
    at TLSSocket.emit (node:events:508:28)
    at TLSSocket.emit (node:domain:489:12)
    at TLSSocket.Socket._onTimeout (node:net:604:8)
    at listOnTimeout (node:internal/timers:605:17)
    at processTimers (node:internal/timers:541:7)
2026-06-21 18:20:26 [error]: Error: Connection timeout
    at TLSSocket.onTimeout (C:\Users\Immanuel\Desktop\CodeSage\Go-Eat\server\node_modules\@redis\client\lib\client\socket.ts:298:40)
    at Object.onceWrapper (node:events:622:28)
    at TLSSocket.emit (node:events:508:28)
    at TLSSocket.emit (node:domain:489:12)
    at TLSSocket.Socket._onTimeout (node:net:604:8)
    at listOnTimeout (node:internal/timers:605:17)
    at processTimers (node:internal/timers:541:7)
2026-06-21 18:20:34 [error]: Error: Connection timeout
    at TLSSocket.onTimeout (C:\Users\Immanuel\Desktop\CodeSage\Go-Eat\server\node_modules\@redis\client\lib\client\socket.ts:298:40)
    at Object.onceWrapper (node:events:622:28)
    at TLSSocket.emit (node:events:508:28)
    at TLSSocket.emit (node:domain:489:12)
    at TLSSocket.Socket._onTimeout (node:net:604:8)
    at listOnTimeout (node:internal/timers:605:17)
    at processTimers (node:internal/timers:541:7)
2026-06-21 18:20:40 [error]: Error: Connection timeout
    at TLSSocket.onTimeout (C:\Users\Immanuel\Desktop\CodeSage\Go-Eat\server\node_modules\@redis\client\lib\client\socket.ts:298:40)
    at Object.onceWrapper (node:events:622:28)
    at TLSSocket.emit (node:events:508:28)
    at TLSSocket.emit (node:domain:489:12)
    at TLSSocket.Socket._onTimeout (node:net:604:8)
    at listOnTimeout (node:internal/timers:605:17)
    at processTimers (node:internal/timers:541:7)
2026-06-21 18:20:47 [error]: Error: Connection timeout
    at TLSSocket.onTimeout (C:\Users\Immanuel\Desktop\CodeSage\Go-Eat\server\node_modules\@redis\client\lib\client\socket.ts:298:40)
    at Object.onceWrapper (node:events:622:28)
    at TLSSocket.emit (node:events:508:28)
    at TLSSocket.emit (node:domain:489:12)
    at TLSSocket.Socket._onTimeout (node:net:604:8)
    at listOnTimeout (node:internal/timers:605:17)
    at processTimers (node:internal/timers:541:7)
2026-06-21 18:20:54 [error]: Error: Connection timeout
    at TLSSocket.onTimeout (C:\Users\Immanuel\Desktop\CodeSage\Go-Eat\server\node_modules\@redis\client\lib\client\socket.ts:298:40)
    at Object.onceWrapper (node:events:622:28)
    at TLSSocket.emit (node:events:508:28)
    at TLSSocket.emit (node:domain:489:12)
    at TLSSocket.Socket._onTimeout (node:net:604:8)
    at listOnTimeout (node:internal/timers:605:17)
    at processTimers (node:internal/timers:541:7)
2026-06-21 18:20:58 [warn]: 	⚠️ MongoDB Disconnected
2026-06-21 18:21:22 [info]: 	🔥 Firebase Admin initialized
2026-06-21 18:21:29 [error]: Error: Connection timeout
    at TLSSocket.onTimeout (C:\Users\Immanuel\Desktop\CodeSage\Go-Eat\server\node_modules\@redis\client\lib\client\socket.ts:298:40)
    at Object.onceWrapper (node:events:622:28)
    at TLSSocket.emit (node:events:508:28)
    at TLSSocket.emit (node:domain:489:12)
    at TLSSocket.Socket._onTimeout (node:net:604:8)
    at listOnTimeout (node:internal/timers:605:17)
    at processTimers (node:internal/timers:541:7)
2026-06-21 18:21:34 [error]: Error: Connection timeout
    at TLSSocket.onTimeout (C:\Users\Immanuel\Desktop\CodeSage\Go-Eat\server\node_modules\@redis\client\lib\client\socket.ts:298:40)
    at Object.onceWrapper (node:events:622:28)
    at TLSSocket.emit (node:events:508:28)
    at TLSSocket.emit (node:domain:489:12)
    at TLSSocket.Socket._onTimeout (node:net:604:8)
    at listOnTimeout (node:internal/timers:605:17)
    at processTimers (node:internal/timers:541:7)
2026-06-21 18:21:40 [error]: Error: Connection timeout
    at TLSSocket.onTimeout (C:\Users\Immanuel\Desktop\CodeSage\Go-Eat\server\node_modules\@redis\client\lib\client\socket.ts:298:40)
    at Object.onceWrapper (node:events:622:28)
    at TLSSocket.emit (node:events:508:28)
    at TLSSocket.emit (node:domain:489:12)
    at TLSSocket.Socket._onTimeout (node:net:604:8)
    at listOnTimeout (node:internal/timers:605:17)
    at processTimers (node:internal/timers:541:7)
2026-06-21 18:21:45 [error]: Error: Connection timeout
    at TLSSocket.onTimeout (C:\Users\Immanuel\Desktop\CodeSage\Go-Eat\server\node_modules\@redis\client\lib\client\socket.ts:298:40)
    at Object.onceWrapper (node:events:622:28)
    at TLSSocket.emit (node:events:508:28)
    at TLSSocket.emit (node:domain:489:12)
    at TLSSocket.Socket._onTimeout (node:net:604:8)
    at listOnTimeout (node:internal/timers:605:17)
    at processTimers (node:internal/timers:541:7)
2026-06-21 18:21:51 [error]: Error: Connection timeout
    at TLSSocket.onTimeout (C:\Users\Immanuel\Desktop\CodeSage\Go-Eat\server\node_modules\@redis\client\lib\client\socket.ts:298:40)
    at Object.onceWrapper (node:events:622:28)
    at TLSSocket.emit (node:events:508:28)
    at TLSSocket.emit (node:domain:489:12)
    at TLSSocket.Socket._onTimeout (node:net:604:8)
    at listOnTimeout (node:internal/timers:605:17)
    at processTimers (node:internal/timers:541:7)
2026-06-21 18:21:58 [error]: Error: Connection timeout
    at TLSSocket.onTimeout (C:\Users\Immanuel\Desktop\CodeSage\Go-Eat\server\node_modules\@redis\client\lib\client\socket.ts:298:40)
    at Object.onceWrapper (node:events:622:28)
    at TLSSocket.emit (node:events:508:28)
    at TLSSocket.emit (node:domain:489:12)
    at TLSSocket.Socket._onTimeout (node:net:604:8)
    at listOnTimeout (node:internal/timers:605:17)
    at processTimers (node:internal/timers:541:7)
2026-06-21 18:22:05 [error]: Error: Connection timeout
    at TLSSocket.onTimeout (C:\Users\Immanuel\Desktop\CodeSage\Go-Eat\server\node_modules\@redis\client\lib\client\socket.ts:298:40)
    at Object.onceWrapper (node:events:622:28)
    at TLSSocket.emit (node:events:508:28)
    at TLSSocket.emit (node:domain:489:12)
    at TLSSocket.Socket._onTimeout (node:net:604:8)
    at listOnTimeout (node:internal/timers:605:17)
    at processTimers (node:internal/timers:541:7)
2026-06-21 18:22:16 [error]: Error: Connection timeout
    at TLSSocket.onTimeout (C:\Users\Immanuel\Desktop\CodeSage\Go-Eat\server\node_modules\@redis\client\lib\client\socket.ts:298:40)
    at Object.onceWrapper (node:events:622:28)
    at TLSSocket.emit (node:events:508:28)
    at TLSSocket.emit (node:domain:489:12)
    at TLSSocket.Socket._onTimeout (node:net:604:8)
    at listOnTimeout (node:internal/timers:605:17)
    at processTimers (node:internal/timers:541:7)
2026-06-21 18:22:23 [error]: Error: Connection timeout
    at TLSSocket.onTimeout (C:\Users\Immanuel\Desktop\CodeSage\Go-Eat\server\node_modules\@redis\client\lib\client\socket.ts:298:40)
    at Object.onceWrapper (node:events:622:28)
    at TLSSocket.emit (node:events:508:28)
    at TLSSocket.emit (node:domain:489:12)
    at TLSSocket.Socket._onTimeout (node:net:604:8)
    at listOnTimeout (node:internal/timers:605:17)
    at processTimers (node:internal/timers:541:7)
2026-06-21 18:22:31 [error]: Error: Connection timeout
    at TLSSocket.onTimeout (C:\Users\Immanuel\Desktop\CodeSage\Go-Eat\server\node_modules\@redis\client\lib\client\socket.ts:298:40)
    at Object.onceWrapper (node:events:622:28)
    at TLSSocket.emit (node:events:508:28)
    at TLSSocket.emit (node:domain:489:12)
    at TLSSocket.Socket._onTimeout (node:net:604:8)
    at listOnTimeout (node:internal/timers:605:17)
    at processTimers (node:internal/timers:541:7)
2026-06-21 18:22:38 [error]: Error: Connection timeout
    at TLSSocket.onTimeout (C:\Users\Immanuel\Desktop\CodeSage\Go-Eat\server\node_modules\@redis\client\lib\client\socket.ts:298:40)
    at Object.onceWrapper (node:events:622:28)
    at TLSSocket.emit (node:events:508:28)
    at TLSSocket.emit (node:domain:489:12)
    at TLSSocket.Socket._onTimeout (node:net:604:8)
    at listOnTimeout (node:internal/timers:605:17)
    at processTimers (node:internal/timers:541:7)
2026-06-21 18:22:40 [warn]: 	⚠️ MongoDB Disconnected
2026-06-21 18:23:16 [info]: 	🔥 Firebase Admin initialized
2026-06-21 18:23:24 [error]: Error: Connection timeout
    at TLSSocket.onTimeout (C:\Users\Immanuel\Desktop\CodeSage\Go-Eat\server\node_modules\@redis\client\lib\client\socket.ts:298:40)
    at Object.onceWrapper (node:events:622:28)
    at TLSSocket.emit (node:events:508:28)
    at TLSSocket.emit (node:domain:489:12)
    at TLSSocket.Socket._onTimeout (node:net:604:8)
    at listOnTimeout (node:internal/timers:605:17)
    at processTimers (node:internal/timers:541:7)
2026-06-21 18:23:37 [error]: Error: Connection timeout
    at TLSSocket.onTimeout (C:\Users\Immanuel\Desktop\CodeSage\Go-Eat\server\node_modules\@redis\client\lib\client\socket.ts:298:40)
    at Object.onceWrapper (node:events:622:28)
    at TLSSocket.emit (node:events:508:28)
    at TLSSocket.emit (node:domain:489:12)
    at TLSSocket.Socket._onTimeout (node:net:604:8)
    at listOnTimeout (node:internal/timers:605:17)
    at processTimers (node:internal/timers:541:7)
2026-06-21 18:23:42 [error]: Error: Connection timeout
    at TLSSocket.onTimeout (C:\Users\Immanuel\Desktop\CodeSage\Go-Eat\server\node_modules\@redis\client\lib\client\socket.ts:298:40)
    at Object.onceWrapper (node:events:622:28)
    at TLSSocket.emit (node:events:508:28)
    at TLSSocket.emit (node:domain:489:12)
    at TLSSocket.Socket._onTimeout (node:net:604:8)
    at listOnTimeout (node:internal/timers:605:17)
    at processTimers (node:internal/timers:541:7)
2026-06-21 18:23:47 [error]: Error: Connection timeout
    at TLSSocket.onTimeout (C:\Users\Immanuel\Desktop\CodeSage\Go-Eat\server\node_modules\@redis\client\lib\client\socket.ts:298:40)
    at Object.onceWrapper (node:events:622:28)
    at TLSSocket.emit (node:events:508:28)
    at TLSSocket.emit (node:domain:489:12)
    at TLSSocket.Socket._onTimeout (node:net:604:8)
    at listOnTimeout (node:internal/timers:605:17)
    at processTimers (node:internal/timers:541:7)
2026-06-21 18:23:54 [error]: Error: Connection timeout
    at TLSSocket.onTimeout (C:\Users\Immanuel\Desktop\CodeSage\Go-Eat\server\node_modules\@redis\client\lib\client\socket.ts:298:40)
    at Object.onceWrapper (node:events:622:28)
    at TLSSocket.emit (node:events:508:28)
    at TLSSocket.emit (node:domain:489:12)
    at TLSSocket.Socket._onTimeout (node:net:604:8)
    at listOnTimeout (node:internal/timers:605:17)
    at processTimers (node:internal/timers:541:7)
2026-06-21 18:23:58 [warn]: 	⚠️ MongoDB Disconnected
2026-06-22 10:20:41 [info]: 	🔥 Firebase Admin initialized
2026-06-22 10:20:46 [info]: 	⚡ Redis Client Connected
2026-06-22 10:20:47 [info]: 	🚀 Server running in development mode on port 5000
2026-06-22 10:21:16 [warn]: 	⚠️ MongoDB Disconnected
2026-06-22 11:48:22 [info]: 	🔥 Firebase Admin initialized
2026-06-22 11:48:35 [info]: 	⚡ Redis Client Connected
2026-06-22 11:48:35 [info]: 	🚀 Server running in development mode on port 5000
2026-06-22 11:49:04 [warn]: 	⚠️ MongoDB Disconnected
2026-06-22 15:16:54 [error]: 	❌ Error sending WhatsApp via Twilio: Twilio could not find a Channel with the specified From address
2026-06-22 15:25:26 [warn]: 	⚠️ [WhatsApp MOCK] Twilio not fully configured. Message: "Hello! This is a test message from the Go-Eat Server verifying WhatsApp integration. Your OTP is 123456." to whatsapp:+2349121059853
2026-06-22 15:30:19 [warn]: 	⚠️ [WhatsApp MOCK] Twilio not fully configured. Message: "Hello! This is a test message from the Go-Eat Server verifying WhatsApp integration. Your OTP is 123456." to whatsapp:+2349121059853
2026-06-22 15:30:40 [warn]: 	⚠️ [WhatsApp MOCK] Twilio not fully configured. Message: "Hello! This is a test message from the Go-Eat Server verifying WhatsApp integration. Your OTP is 123456." to whatsapp:+2349121059853
2026-06-22 15:36:49 [info]: 	📱 WhatsApp message sent successfully to whatsapp:+2349121059853 via Twilio
2026-06-22 16:33:30 [info]: 	📱 WhatsApp message sent successfully to whatsapp:+2349121059853 via Twilio
2026-06-22 17:18:04 [error]: 	❌ Error sending SMS via Twilio:
2026-06-22 17:18:04 [error]: 	❌ Error sending SMS via Twilio:
2026-06-22 17:20:32 [error]: 	❌ Error sending SMS via Twilio:
2026-06-22 17:20:32 [error]: 	❌ Error sending SMS via Twilio:
2026-06-26 22:25:04 [info]: 	🔥 Firebase Admin initialized
2026-06-26 22:25:14 [error]: Error: Connection timeout
    at TLSSocket.onTimeout (C:\Users\Immanuel\Desktop\EMStack\Go-Eat\server\node_modules\@redis\client\lib\client\socket.ts:298:40)
    at Object.onceWrapper (node:events:622:28)
    at TLSSocket.emit (node:events:508:28)
    at TLSSocket.emit (node:domain:489:12)
    at TLSSocket.Socket._onTimeout (node:net:604:8)
    at listOnTimeout (node:internal/timers:605:17)
    at processTimers (node:internal/timers:541:7)
2026-06-26 22:25:19 [error]: Error: Connection timeout
    at TLSSocket.onTimeout (C:\Users\Immanuel\Desktop\EMStack\Go-Eat\server\node_modules\@redis\client\lib\client\socket.ts:298:40)
    at Object.onceWrapper (node:events:622:28)
    at TLSSocket.emit (node:events:508:28)
    at TLSSocket.emit (node:domain:489:12)
    at TLSSocket.Socket._onTimeout (node:net:604:8)
    at listOnTimeout (node:internal/timers:605:17)
    at processTimers (node:internal/timers:541:7)
2026-06-26 22:25:30 [error]: Error: Connection timeout
    at TLSSocket.onTimeout (C:\Users\Immanuel\Desktop\EMStack\Go-Eat\server\node_modules\@redis\client\lib\client\socket.ts:298:40)
    at Object.onceWrapper (node:events:622:28)
    at TLSSocket.emit (node:events:508:28)
    at TLSSocket.emit (node:domain:489:12)
    at TLSSocket.Socket._onTimeout (node:net:604:8)
    at listOnTimeout (node:internal/timers:605:17)
    at processTimers (node:internal/timers:541:7)
2026-06-26 22:25:41 [error]: Error: Connection timeout
    at TLSSocket.onTimeout (C:\Users\Immanuel\Desktop\EMStack\Go-Eat\server\node_modules\@redis\client\lib\client\socket.ts:298:40)
    at Object.onceWrapper (node:events:622:28)
    at TLSSocket.emit (node:events:508:28)
    at TLSSocket.emit (node:domain:489:12)
    at TLSSocket.Socket._onTimeout (node:net:604:8)
    at listOnTimeout (node:internal/timers:605:17)
    at processTimers (node:internal/timers:541:7)
2026-06-26 22:25:48 [info]: 	⚡ Redis Client Connected
2026-06-26 22:25:48 [info]: 	🚀 Server running in development mode on port 5000
2026-06-26 22:25:51 [warn]: 	⚠️ MongoDB Disconnected
2026-06-26 22:33:47 [info]: 	📱 WhatsApp message sent successfully to whatsapp:+2349121059853 via Twilio
2026-06-26 23:14:10 [info]: 	🔥 Firebase Admin initialized
2026-06-26 23:14:22 [error]: Error: Connection timeout
    at TLSSocket.onTimeout (C:\Users\Immanuel\Desktop\EMStack\Go-Eat\server\node_modules\@redis\client\lib\client\socket.ts:298:40)
    at Object.onceWrapper (node:events:622:28)
    at TLSSocket.emit (node:events:508:28)
    at TLSSocket.emit (node:domain:489:12)
    at TLSSocket.Socket._onTimeout (node:net:604:8)
    at listOnTimeout (node:internal/timers:605:17)
    at processTimers (node:internal/timers:541:7)
2026-06-26 23:14:27 [error]: Error: Connection timeout
    at TLSSocket.onTimeout (C:\Users\Immanuel\Desktop\EMStack\Go-Eat\server\node_modules\@redis\client\lib\client\socket.ts:298:40)
    at Object.onceWrapper (node:events:622:28)
    at TLSSocket.emit (node:events:508:28)
    at TLSSocket.emit (node:domain:489:12)
    at TLSSocket.Socket._onTimeout (node:net:604:8)
    at listOnTimeout (node:internal/timers:605:17)
    at processTimers (node:internal/timers:541:7)
2026-06-26 23:14:32 [error]: Error: Connection timeout
    at TLSSocket.onTimeout (C:\Users\Immanuel\Desktop\EMStack\Go-Eat\server\node_modules\@redis\client\lib\client\socket.ts:298:40)
    at Object.onceWrapper (node:events:622:28)
    at TLSSocket.emit (node:events:508:28)
    at TLSSocket.emit (node:domain:489:12)
    at TLSSocket.Socket._onTimeout (node:net:604:8)
    at listOnTimeout (node:internal/timers:605:17)
    at processTimers (node:internal/timers:541:7)
2026-06-26 23:14:35 [info]: 	⚡ Redis Client Connected
2026-06-26 23:14:36 [info]: 	🚀 Server running in development mode on port 5000
2026-06-26 23:14:51 [warn]: 	⚠️ MongoDB Disconnected
2026-06-26 23:15:45 [info]: 	🔥 Firebase Admin initialized
2026-06-26 23:15:56 [error]: Error: Connection timeout
    at TLSSocket.onTimeout (C:\Users\Immanuel\Desktop\EMStack\Go-Eat\server\node_modules\@redis\client\lib\client\socket.ts:298:40)
    at Object.onceWrapper (node:events:622:28)
    at TLSSocket.emit (node:events:508:28)
    at TLSSocket.emit (node:domain:489:12)
    at TLSSocket.Socket._onTimeout (node:net:604:8)
    at listOnTimeout (node:internal/timers:605:17)
    at processTimers (node:internal/timers:541:7)
2026-06-26 23:16:01 [info]: 	⚡ Redis Client Connected
2026-06-26 23:16:01 [info]: 	🚀 Server running in development mode on port 5000
2026-06-26 23:16:18 [info]: 	🚀 Connected to MongoDB: ac-hjwrplp-shard-00-02.dupeyhe.mongodb.net
2026-06-26 23:31:19 [info]: 	🔥 Firebase Admin initialized
2026-06-26 23:31:27 [info]: 	⚡ Redis Client Connected
2026-06-26 23:34:25 [info]: 	🔥 Firebase Admin initialized
2026-06-26 23:34:28 [info]: 	⚡ Redis Client Connected
2026-06-26 23:38:14 [info]: 	🔥 Firebase Admin initialized
2026-06-26 23:38:18 [info]: 	⚡ Redis Client Connected
2026-06-26 23:39:41 [info]: 	🔥 Firebase Admin initialized
2026-06-26 23:39:45 [info]: 	⚡ Redis Client Connected
2026-06-26 23:39:45 [info]: 	🚀 Server running in development mode on port 5000
2026-06-26 23:40:11 [info]: 	🚀 Connected to MongoDB: ac-hjwrplp-shard-00-00.dupeyhe.mongodb.net
2026-06-26 23:45:24 [info]: 	🔥 Firebase Admin initialized
2026-06-26 23:45:28 [info]: 	⚡ Redis Client Connected
2026-06-26 23:45:28 [info]: 	🚀 Server running in development mode on port 5000
2026-06-26 23:45:29 [info]: 	🚀 Connected to MongoDB: ac-hjwrplp-shard-00-01.dupeyhe.mongodb.net
2026-06-26 23:56:15 [error]: Error: read ECONNRESET
    at TLSWrap.onStreamRead (node:internal/stream_base_commons:216:20)
2026-06-26 23:56:19 [info]: 	⚡ Redis Client Connected
2026-06-27 14:23:09 [info]: 	⚡ MongoDB Reconnected
2026-06-27 14:23:19 [info]: 	⚡ MongoDB Reconnected
2026-06-27 14:23:20 [error]: Error: read ECONNRESET
    at TLSWrap.onStreamRead (node:internal/stream_base_commons:216:20)
2026-06-27 14:23:33 [error]: Error: getaddrinfo ENOTFOUND magnetic-jackal-83413.upstash.io
    at GetAddrInfoReqWrap.onlookupall [as oncomplete] (node:dns:122:26)
2026-06-27 14:23:35 [error]: Error: getaddrinfo ENOTFOUND magnetic-jackal-83413.upstash.io
    at GetAddrInfoReqWrap.onlookupall [as oncomplete] (node:dns:122:26)
2026-06-27 14:23:35 [error]: Error: getaddrinfo ENOTFOUND magnetic-jackal-83413.upstash.io
    at GetAddrInfoReqWrap.onlookupall [as oncomplete] (node:dns:122:26)
2026-06-27 14:23:35 [error]: Error: getaddrinfo ENOTFOUND magnetic-jackal-83413.upstash.io
    at GetAddrInfoReqWrap.onlookupall [as oncomplete] (node:dns:122:26)
2026-06-27 14:23:37 [error]: Error: getaddrinfo ENOTFOUND magnetic-jackal-83413.upstash.io
    at GetAddrInfoReqWrap.onlookupall [as oncomplete] (node:dns:122:26)
2026-06-27 14:23:38 [error]: Error: getaddrinfo ENOTFOUND magnetic-jackal-83413.upstash.io
    at GetAddrInfoReqWrap.onlookupall [as oncomplete] (node:dns:122:26)
2026-06-27 14:23:39 [error]: Error: getaddrinfo ENOTFOUND magnetic-jackal-83413.upstash.io
    at GetAddrInfoReqWrap.onlookupall [as oncomplete] (node:dns:122:26)
2026-06-27 14:23:42 [error]: Error: getaddrinfo ENOTFOUND magnetic-jackal-83413.upstash.io
    at GetAddrInfoReqWrap.onlookupall [as oncomplete] (node:dns:122:26)
2026-06-29 15:04:35 [info]: 	🔥 Firebase Admin initialized
2026-06-29 15:04:44 [info]: 	⚡ Redis Client Connected
2026-06-29 15:04:44 [info]: 	🚀 Server running in development mode on port 5000
2026-06-29 15:04:47 [info]: 	🚀 Connected to MongoDB: ac-hjwrplp-shard-00-00.dupeyhe.mongodb.net
2026-06-29 15:08:12 [info]: 	🔥 Firebase Admin initialized
2026-06-29 15:08:17 [info]: 	⚡ Redis Client Connected
2026-06-29 15:08:17 [info]: 	🚀 Server running in development mode on port 5000
2026-06-29 15:08:19 [info]: 	🚀 Connected to MongoDB: ac-hjwrplp-shard-00-01.dupeyhe.mongodb.net
2026-06-29 15:08:39 [info]: 	📧 Email transporter: Gmail
2026-06-29 15:08:39 [info]: 	🔥 Firebase Admin initialized
2026-06-29 15:08:43 [info]: 	⚡ Redis Client Connected
2026-06-29 15:08:43 [info]: 	🚀 Server running in development mode on port 5000
2026-06-29 15:08:44 [info]: 	🚀 Connected to MongoDB: ac-hjwrplp-shard-00-01.dupeyhe.mongodb.net
2026-06-30 13:32:06 [info]: 	📱 Twilio client initialized for Verify service
2026-06-30 13:32:18 [info]: 	📱 WhatsApp verification initiated. Sid: VEde557c9290c8ba01a0b75caa7b873f2e to +2349121059853
2026-06-30 13:41:22 [info]: 	📱 Twilio client initialized for Verify service
2026-06-30 13:41:34 [info]: 	📱 WhatsApp verification initiated. Sid: VEde557c9290c8ba01a0b75caa7b873f2e to +2349121059853
2026-06-30 13:52:58 [info]: 	📱 Twilio client initialized for Verify service
2026-06-30 13:53:04 [info]: 	📱 WhatsApp verification initiated. Sid: VEcdc88d638f3064be7db02b9c6ae3720b to +2349121059853
2026-06-30 13:53:30 [info]: 	📱 Twilio client initialized for Verify service
2026-06-30 13:53:36 [info]: 	📱 WhatsApp verification initiated. Sid: VE1c46186a3b8c70f1036e7e62610f5e42 to +2348148436330
2026-06-30 14:41:07 [info]: 	📱 Twilio client initialized for Verify service
2026-06-30 14:41:13 [info]: 	📱 WhatsApp verification initiated. Sid: VE2fb039bd30bb485b44c132e2216b2b14 to +2349121059853
2026-06-30 14:49:42 [info]: 	📱 Twilio client initialized for Verify service
2026-06-30 14:49:47 [info]: 	📱 WhatsApp verification initiated. Sid: VE2fb039bd30bb485b44c132e2216b2b14 to +2349121059853
